Date, PSEi 
3-Jan-00, 2,141.77 
4-Jan-00, 2,153.18 
5-Jan-00, 2,074.75 
6-Jan-00, 2,079.11 
7-Jan-00, 2,094.29 
10-Jan-00, 2,142.25 
11-Jan-00, 2,140.78 
12-Jan-00, 2,101.02 
13-Jan-00, 2,084.50 
14-Jan-00, 2,102.10 
17-Jan-00, 2,097.23 
18-Jan-00, 2,074.84 
19-Jan-00, 2,048.53 
20-Jan-00, 2,053.37 
21-Jan-00, 2,062.66 
24-Jan-00, 2,055.56 
25-Jan-00, 2,047.28 
26-Jan-00, 1,998.59 
27-Jan-00, 1,975.20 
28-Jan-00, 1,969.39 
31-Jan-00, 1,989.43 
1-Feb-00, 1,973.44 
2-Feb-00, 1,975.96 
3-Feb-00, 1,998.13 
4-Feb-00, 2,008.86 
7-Feb-00, 2,005.58 
8-Feb-00, 2,034.44 
9-Feb-00, 2,047.27 
10-Feb-00, 2,020.15 
11-Feb-00, 1,997.21 
14-Feb-00, 1,976.74 
15-Feb-00, 1,938.06 
16-Feb-00, 1,894.95 
17-Feb-00, 1,869.71 
18-Feb-00, 1,884.28 
21-Feb-00, 1,833.84 
22-Feb-00, 1,799.83 
23-Feb-00, 1,828.93 
24-Feb-00, 1,794.81 
28-Feb-00, 1,720.65 
29-Feb-00, 1,641.94 
1-Mar-00, 1,653.95 
2-Mar-00, 1,667.44 
3-Mar-00, 1,696.75 
6-Mar-00, 1,738.30 
7-Mar-00, 1,686.72 
8-Mar-00, 1,639.79 
9-Mar-00, 1,626.95 
10-Mar-00, 1,621.62 
13-Mar-00, 1,602.96 
14-Mar-00, 1,633.33 
15-Mar-00, 1,638.60 
16-Mar-00, 1,629.97 
17-Mar-00, 1,646.28 
20-Mar-00, 1,657.07 
21-Mar-00, 1,651.40 
22-Mar-00, 1,646.91 
23-Mar-00, 1,680.58 
24-Mar-00, 1,681.71 
27-Mar-00, 1,697.25 
28-Mar-00, 1,701.08 
29-Mar-00, 1,691.14 
30-Mar-00, 1,697.81 
31-Mar-00, 1,681.72 
3-Apr-00, 1,688.32 
4-Apr-00, 1,682.53 
5-Apr-00, 1,691.05 
6-Apr-00, 1,713.24 
7-Apr-00, 1,738.49 
10-Apr-00, 1,796.66 
11-Apr-00, 1,757.45 
12-Apr-00, 1,744.57 
13-Apr-00, 1,725.98 
14-Apr-00, 1,712.54 
17-Apr-00, 1,637.54 
18-Apr-00, 1,648.13 
19-Apr-00, 1,664.00 
24-Apr-00, 1,664.46 
25-Apr-00, 1,647.56 
26-Apr-00, 1,639.83 
27-Apr-00, 1,620.53 
28-Apr-00, 1,598.73 
2-May-00, 1,606.04 
3-May-00, 1,592.68 
4-May-00, 1,553.34 
5-May-00, 1,551.90 
8-May-00, 1,518.61 
9-May-00, 1,523.43 
10-May-00, 1,522.96 
11-May-00, 1,505.21 
12-May-00, 1,539.31 
15-May-00, 1,517.09 
16-May-00, 1,507.98 
17-May-00, 1,534.05 
18-May-00, 1,521.36 
19-May-00, 1,478.68 
22-May-00, 1,412.09 
23-May-00, 1,404.67 
24-May-00, 1,418.79 
25-May-00, 1,426.62 
26-May-00, 1,427.26 
29-May-00, 1,482.77 
30-May-00, 1,470.07 
31-May-00, 1,478.76 
1-Jun-00, 1,470.53 
2-Jun-00, 1,512.75 
5-Jun-00, 1,552.65 
6-Jun-00, 1,562.38 
7-Jun-00, 1,522.33 
8-Jun-00, 1,537.13 
9-Jun-00, 1,521.93 
13-Jun-00, 1,522.15 
14-Jun-00, 1,524.51 
15-Jun-00, 1,565.69 
16-Jun-00, 1,569.95 
19-Jun-00, 1,560.67 
20-Jun-00, 1,560.40 
21-Jun-00, 1,555.62 
22-Jun-00, 1,545.90 
23-Jun-00, 1,542.97 
26-Jun-00, 1,532.24 
27-Jun-00, 1,529.37 
28-Jun-00, 1,531.01 
29-Jun-00, 1,532.74 
30-Jun-00, 1,533.99 
3-Jul-00, 1,535.65 
4-Jul-00, 1,538.88 
5-Jul-00, 1,539.92 
6-Jul-00, 1,542.41 
7-Jul-00, 1,550.60 
10-Jul-00, 1,557.57 
11-Jul-00, 1,563.08 
12-Jul-00, 1,554.57 
13-Jul-00, 1,561.52 
14-Jul-00, 1,553.89 
17-Jul-00, 1,546.60 
18-Jul-00, 1,528.85 
19-Jul-00, 1,516.99 
20-Jul-00, 1,489.47 
21-Jul-00, 1,479.46 
24-Jul-00, 1,477.80 
25-Jul-00, 1,481.60 
26-Jul-00, 1,478.33 
27-Jul-00, 1,448.90 
28-Jul-00, 1,437.08 
31-Jul-00, 1,417.17 
1-Aug-00, 1,410.33 
2-Aug-00, 1,412.77 
3-Aug-00, 1,436.06 
4-Aug-00, 1,451.18 
7-Aug-00, 1,450.10 
8-Aug-00, 1,438.74 
9-Aug-00, 1,458.53 
10-Aug-00, 1,469.24 
11-Aug-00, 1,474.86 
14-Aug-00, 1,463.85 
15-Aug-00, 1,473.28 
16-Aug-00, 1,473.07 
17-Aug-00, 1,499.74 
18-Aug-00, 1,506.57 
21-Aug-00, 1,492.75 
22-Aug-00, 1,496.98 
23-Aug-00, 1,491.31 
24-Aug-00, 1,491.25 
25-Aug-00, 1,493.48 
28-Aug-00, 1,505.20 
29-Aug-00, 1,514.25 
30-Aug-00, 1,525.19 
31-Aug-00, 1,537.52 
1-Sep-00, 1,529.65 
4-Sep-00, 1,532.64 
5-Sep-00, 1,542.76 
6-Sep-00, 1,527.80 
7-Sep-00, 1,523.04 
8-Sep-00, 1,523.69 
11-Sep-00, 1,501.48 
12-Sep-00, 1,496.89 
13-Sep-00, 1,489.40 
14-Sep-00, 1,450.15 
15-Sep-00, 1,450.99 
18-Sep-00, 1,440.27 
19-Sep-00, 1,424.23 
20-Sep-00, 1,434.77 
21-Sep-00, 1,422.69 
22-Sep-00, 1,420.61 
25-Sep-00, 1,424.17 
26-Sep-00, 1,426.17 
27-Sep-00, 1,439.24 
28-Sep-00, 1,441.83 
29-Sep-00, 1,434.49 
2-Oct-00, 1,425.16 
3-Oct-00, 1,395.52 
4-Oct-00, 1,372.70 
5-Oct-00, 1,389.11 
6-Oct-00, 1,389.00 
9-Oct-00, 1,365.01 
10-Oct-00, 1,332.22 
11-Oct-00, 1,326.26 
12-Oct-00, 1,318.74 
13-Oct-00, 1,323.65 
16-Oct-00, 1,295.02 
17-Oct-00, 1,271.75 
18-Oct-00, 1,263.67 
19-Oct-00, 1,256.96 
20-Oct-00, 1,251.23 
23-Oct-00, 1,267.69 
24-Oct-00, 1,282.42 
25-Oct-00, 1,294.37 
26-Oct-00, 1,293.63 
27-Oct-00, 1,284.88 
30-Oct-00, 1,284.66 
31-Oct-00, 1,287.85 
6-Nov-00, 1,500.10 
7-Nov-00, 1,512.58 
8-Nov-00, 1,478.42 
9-Nov-00, 1,488.79 
10-Nov-00, 1,488.95 
13-Nov-00, 1,455.94 
14-Nov-00, 1,469.58 
15-Nov-00, 1,469.20 
16-Nov-00, 1,468.44 
17-Nov-00, 1,470.52 
20-Nov-00, 1,465.10 
21-Nov-00, 1,449.00 
22-Nov-00, 1,456.65 
23-Nov-00, 1,447.74 
24-Nov-00, 1,442.27 
27-Nov-00, 1,434.25 
28-Nov-00, 1,418.04 
29-Nov-00, 1,404.83 
1-Dec-00, 1,386.25 
4-Dec-00, 1,381.83 
5-Dec-00, 1,381.23 
6-Dec-00, 1,393.29 
7-Dec-00, 1,390.67 
8-Dec-00, 1,400.36 
11-Dec-00, 1,393.71 
12-Dec-00, 1,398.15 
13-Dec-00, 1,395.20 
14-Dec-00, 1,398.87 
15-Dec-00, 1,403.39 
18-Dec-00, 1,408.19 
19-Dec-00, 1,413.99 
20-Dec-00, 1,447.65 
21-Dec-00, 1,426.05 
22-Dec-00, 1,429.17 
26-Dec-00, 1,467.82 
27-Dec-00, 1,464.34 
28-Dec-00, 1,486.46 
29-Dec-00, 1,494.50 
2-Jan-01, 1,448.49 
3-Jan-01, 1,450.96 
4-Jan-01, 1,475.11 
5-Jan-01, 1,469.08 
8-Jan-01, 1,494.38 
9-Jan-01, 1,531.82 
10-Jan-01, 1,534.15 
11-Jan-01, 1,515.89 
12-Jan-01, 1,541.65 
15-Jan-01, 1,567.93 
16-Jan-01, 1,551.79 
17-Jan-01, 1,458.63 
18-Jan-01, 1,438.21 
19-Jan-01, 1,452.93 
22-Jan-01, 1,708.06 
23-Jan-01, 1,662.30 
24-Jan-01, 1,665.43 
25-Jan-01, 1,693.18 
26-Jan-01, 1,708.18 
29-Jan-01, 1,686.28 
30-Jan-01, 1,668.43 
31-Jan-01, 1,687.00 
1-Feb-01, 1,669.13 
2-Feb-01, 1,669.58 
5-Feb-01, 1,652.08 
6-Feb-01, 1,664.23 
7-Feb-01, 1,659.25 
8-Feb-01, 1,683.44 
9-Feb-01, 1,695.59 
12-Feb-01, 1,712.06 
13-Feb-01, 1,692.27 
14-Feb-01, 1,687.74 
15-Feb-01, 1,688.05 
16-Feb-01, 1,689.91 
19-Feb-01, 1,673.95 
20-Feb-01, 1,659.08 
21-Feb-01, 1,654.86 
22-Feb-01, 1,641.05 
23-Feb-01, 1,647.00 
26-Feb-01, 1,636.04 
27-Feb-01, 1,632.30 
28-Feb-01, 1,613.49 
1-Mar-01, 1,570.20 
2-Mar-01, 1,596.97 
5-Mar-01, 1,616.54 
6-Mar-01, 1,611.47 
7-Mar-01, 1,603.85 
8-Mar-01, 1,589.57 
9-Mar-01, 1,588.39 
12-Mar-01, 1,567.53 
13-Mar-01, 1,526.40 
14-Mar-01, 1,523.79 
15-Mar-01, 1,491.61 
16-Mar-01, 1,498.32 
19-Mar-01, 1,507.52 
20-Mar-01, 1,491.54 
21-Mar-01, 1,471.56 
22-Mar-01, 1,466.23 
23-Mar-01, 1,431.57 
26-Mar-01, 1,448.37 
27-Mar-01, 1,446.99 
28-Mar-01, 1,451.55 
29-Mar-01, 1,430.16 
30-Mar-01, 1,446.40 
2-Apr-01, 1,439.05 
3-Apr-01, 1,452.26 
4-Apr-01, 1,452.15 
5-Apr-01, 1,460.67 
6-Apr-01, 1,471.13 
10-Apr-01, 1,459.49 
11-Apr-01, 1,445.26 
16-Apr-01, 1,453.84 
17-Apr-01, 1,435.68 
18-Apr-01, 1,425.97 
19-Apr-01, 1,428.87 
20-Apr-01, 1,428.54 
23-Apr-01, 1,437.16 
24-Apr-01, 1,444.00 
25-Apr-01, 1,462.18 
26-Apr-01, 1,437.50 
27-Apr-01, 1,420.36 
30-Apr-01, 1,378.84 
2-May-01, 1,435.88 
3-May-01, 1,430.39 
4-May-01, 1,442.46 
7-May-01, 1,431.91 
8-May-01, 1,427.28 
9-May-01, 1,441.77 
10-May-01, 1,443.85 
11-May-01, 1,484.83 
15-May-01, 1,457.97 
16-May-01, 1,461.79 
17-May-01, 1,453.03 
18-May-01, 1,448.62 
21-May-01, 1,451.76 
22-May-01, 1,451.20 
23-May-01, 1,446.20 
24-May-01, 1,434.68 
25-May-01, 1,410.23 
28-May-01, 1,395.12 
29-May-01, 1,385.43 
30-May-01, 1,396.50 
31-May-01, 1,402.29 
1-Jun-01, 1,416.09 
4-Jun-01, 1,412.45 
5-Jun-01, 1,392.71 
6-Jun-01, 1,389.52 
7-Jun-01, 1,406.65 
8-Jun-01, 1,410.50 
11-Jun-01, 1,435.77 
13-Jun-01, 1,462.66 
14-Jun-01, 1,474.11 
15-Jun-01, 1,479.30 
18-Jun-01, 1,470.92 
19-Jun-01, 1,448.73 
20-Jun-01, 1,449.45 
21-Jun-01, 1,444.17 
22-Jun-01, 1,439.77 
25-Jun-01, 1,424.52 
26-Jun-01, 1,423.44 
27-Jun-01, 1,415.73 
28-Jun-01, 1,414.79 
29-Jun-01, 1,410.07 
2-Jul-01, 1,395.79 
3-Jul-01, 1,392.07 
4-Jul-01, 1,385.99 
5-Jul-01, 1,402.23 
6-Jul-01, 1,396.92 
9-Jul-01, 1,405.39 
10-Jul-01, 1,397.66 
11-Jul-01, 1,390.10 
12-Jul-01, 1,399.42 
13-Jul-01, 1,396.30 
16-Jul-01, 1,397.61 
17-Jul-01, 1,384.01 
18-Jul-01, 1,393.18 
19-Jul-01, 1,381.87 
20-Jul-01, 1,376.36 
23-Jul-01, 1,374.83 
24-Jul-01, 1,369.02 
25-Jul-01, 1,366.01 
26-Jul-01, 1,362.58 
27-Jul-01, 1,363.34 
30-Jul-01, 1,350.95 
31-Jul-01, 1,362.89 
1-Aug-01, 1,333.71 
2-Aug-01, 1,341.56 
3-Aug-01, 1,328.17 
6-Aug-01, 1,333.05 
7-Aug-01, 1,332.03 
8-Aug-01, 1,308.41 
9-Aug-01, 1,278.40 
10-Aug-01, 1,294.23 
13-Aug-01, 1,303.65 
14-Aug-01, 1,303.06 
15-Aug-01, 1,325.16 
16-Aug-01, 1,316.22 
17-Aug-01, 1,306.17 
20-Aug-01, 1,311.13 
21-Aug-01, 1,306.66 
22-Aug-01, 1,294.43 
23-Aug-01, 1,278.14 
24-Aug-01, 1,286.07 
27-Aug-01, 1,287.48 
28-Aug-01, 1,282.49 
29-Aug-01, 1,270.57 
30-Aug-01, 1,262.91 
31-Aug-01, 1,265.44 
3-Sep-01, 1,253.61 
4-Sep-01, 1,252.58 
5-Sep-01, 1,254.33 
6-Sep-01, 1,283.74 
7-Sep-01, 1,297.35 
10-Sep-01, 1,297.19 
11-Sep-01, 1,294.09 
12-Sep-01, 1,241.39 
13-Sep-01, 1,243.76 
14-Sep-01, 1,236.42 
17-Sep-01, 1,178.11 
18-Sep-01, 1,206.38 
19-Sep-01, 1,187.05 
20-Sep-01, 1,177.43 
21-Sep-01, 1,162.85 
24-Sep-01, 1,145.09 
25-Sep-01, 1,161.74 
26-Sep-01, 1,144.28 
27-Sep-01, 1,141.59 
28-Sep-01, 1,126.63 
1-Oct-01, 1,125.06 
2-Oct-01, 1,105.01 
3-Oct-01, 1,089.28 
4-Oct-01, 1,094.93 
5-Oct-01, 1,088.44 
8-Oct-01, 1,048.67 
9-Oct-01, 1,033.19 
10-Oct-01, 0,991.35 
11-Oct-01, 0,990.03 
12-Oct-01, 1,017.87 
15-Oct-01, 1,040.80 
16-Oct-01, 1,035.91 
17-Oct-01, 1,043.01 
18-Oct-01, 1,028.40 
19-Oct-01, 1,019.44 
22-Oct-01, 1,001.10 
23-Oct-01, 0,988.04 
24-Oct-01, 0,979.34 
25-Oct-01, 0,989.97 
26-Oct-01, 1,002.52 
29-Oct-01, 0,994.84 
30-Oct-01, 0,995.14 
31-Oct-01, 0,993.35 
5-Nov-01, 0,997.50 
6-Nov-01, 0,988.56 
7-Nov-01, 0,988.79 
8-Nov-01, 0,996.02 
9-Nov-01, 0,999.79 
12-Nov-01, 0,993.23 
13-Nov-01, 0,989.96 
14-Nov-01, 0,997.52 
15-Nov-01, 1,015.86 
16-Nov-01, 1,033.34 
19-Nov-01, 1,042.02 
20-Nov-01, 1,025.47 
21-Nov-01, 1,033.86 
22-Nov-01, 1,067.06 
23-Nov-01, 1,088.46 
26-Nov-01, 1,088.37 
27-Nov-01, 1,111.52 
28-Nov-01, 1,120.57 
29-Nov-01, 1,128.47 
3-Dec-01, 1,105.06 
4-Dec-01, 1,096.55 
5-Dec-01, 1,121.97 
6-Dec-01, 1,133.34 
7-Dec-01, 1,130.20 
10-Dec-01, 1,120.83 
11-Dec-01, 1,116.56 
12-Dec-01, 1,108.62 
13-Dec-01, 1,107.73 
14-Dec-01, 1,126.01 
18-Dec-01, 1,124.40 
19-Dec-01, 1,129.41 
20-Dec-01, 1,139.87 
21-Dec-01, 1,145.97 
26-Dec-01, 1,145.49 
27-Dec-01, 1,152.86 
28-Dec-01, 1,168.08 
2-Jan-02, 1,169.57 
3-Jan-02, 1,174.29 
4-Jan-02, 1,189.89 
7-Jan-02, 1,192.03 
8-Jan-02, 1,186.97 
9-Jan-02, 1,183.68 
10-Jan-02, 1,189.48 
11-Jan-02, 1,191.60 
14-Jan-02, 1,192.73 
15-Jan-02, 1,184.84 
16-Jan-02, 1,194.58 
17-Jan-02, 1,214.10 
18-Jan-02, 1,257.48 
21-Jan-02, 1,290.63 
22-Jan-02, 1,277.91 
23-Jan-02, 1,317.39 
24-Jan-02, 1,339.64 
25-Jan-02, 1,337.15 
28-Jan-02, 1,319.23 
29-Jan-02, 1,304.39 
30-Jan-02, 1,307.11 
31-Jan-02, 1,361.94 
1-Feb-02, 1,386.31 
4-Feb-02, 1,383.42 
5-Feb-02, 1,372.74 
6-Feb-02, 1,367.48 
7-Feb-02, 1,339.94 
8-Feb-02, 1,344.35 
11-Feb-02, 1,365.96 
12-Feb-02, 1,382.41 
13-Feb-02, 1,388.64 
14-Feb-02, 1,407.49 
15-Feb-02, 1,416.83 
18-Feb-02, 1,438.83 
19-Feb-02, 1,469.07 
20-Feb-02, 1,453.17 
21-Feb-02, 1,443.44 
22-Feb-02, 1,396.38 
26-Feb-02, 1,396.79 
27-Feb-02, 1,403.70 
28-Feb-02, 1,406.22 
1-Mar-02, 1,410.42 
4-Mar-02, 1,429.35 
5-Mar-02, 1,428.24 
6-Mar-02, 1,418.54 
7-Mar-02, 1,432.56 
8-Mar-02, 1,432.19 
11-Mar-02, 1,409.41 
12-Mar-02, 1,388.86 
13-Mar-02, 1,382.60 
14-Mar-02, 1,366.13 
15-Mar-02, 1,379.61 
18-Mar-02, 1,381.33 
19-Mar-02, 1,390.94 
20-Mar-02, 1,407.54 
21-Mar-02, 1,415.47 
22-Mar-02, 1,417.75 
25-Mar-02, 1,413.31 
26-Mar-02, 1,407.13 
27-Mar-02, 1,403.62 
1-Apr-02, 1,396.10 
2-Apr-02, 1,422.75 
3-Apr-02, 1,419.72 
4-Apr-02, 1,426.27 
5-Apr-02, 1,432.86 
9-Apr-02, 1,421.30 
10-Apr-02, 1,410.04 
11-Apr-02, 1,414.78 
12-Apr-02, 1,405.34 
15-Apr-02, 1,396.38 
16-Apr-02, 1,393.27 
17-Apr-02, 1,404.41 
18-Apr-02, 1,401.78 
19-Apr-02, 1,401.36 
22-Apr-02, 1,373.79 
23-Apr-02, 1,369.36 
24-Apr-02, 1,354.82 
25-Apr-02, 1,328.50 
26-Apr-02, 1,323.96 
29-Apr-02, 1,315.01 
30-Apr-02, 1,346.09 
2-May-02, 1,363.32 
3-May-02, 1,375.59 
6-May-02, 1,357.65 
7-May-02, 1,343.83 
8-May-02, 1,345.79 
9-May-02, 1,356.80 
10-May-02, 1,350.77 
13-May-02, 1,353.50 
14-May-02, 1,347.54 
15-May-02, 1,357.66 
16-May-02, 1,355.74 
17-May-02, 1,349.63 
20-May-02, 1,344.02 
21-May-02, 1,328.70 
22-May-02, 1,319.58 
23-May-02, 1,323.94 
24-May-02, 1,335.12 
27-May-02, 1,333.09 
28-May-02, 1,325.12 
29-May-02, 1,323.42 
30-May-02, 1,328.55 
31-May-02, 1,315.00 
3-Jun-02, 1,321.26 
4-Jun-02, 1,327.29 
5-Jun-02, 1,311.70 
6-Jun-02, 1,302.68 
7-Jun-02, 1,274.87 
10-Jun-02, 1,284.80 
11-Jun-02, 1,274.36 
13-Jun-02, 1,262.22 
14-Jun-02, 1,265.75 
17-Jun-02, 1,250.81 
18-Jun-02, 1,250.57 
19-Jun-02, 1,220.34 
20-Jun-02, 1,217.28 
21-Jun-02, 1,214.15 
24-Jun-02, 1,214.26 
25-Jun-02, 1,197.89 
26-Jun-02, 1,164.49 
27-Jun-02, 1,157.81 
28-Jun-02, 1,156.35 
1-Jul-02, 1,195.37 
2-Jul-02, 1,190.11 
3-Jul-02, 1,141.55 
4-Jul-02, 1,136.60 
5-Jul-02, 1,119.72 
8-Jul-02, 1,121.23 
9-Jul-02, 1,138.43 
10-Jul-02, 1,153.12 
11-Jul-02, 1,139.14 
12-Jul-02, 1,161.69 
16-Jul-02, 1,168.73 
17-Jul-02, 1,157.34 
18-Jul-02, 1,156.60 
19-Jul-02, 1,167.56 
22-Jul-02, 1,157.87 
23-Jul-02, 1,158.05 
24-Jul-02, 1,149.03 
25-Jul-02, 1,141.31 
26-Jul-02, 1,129.42 
29-Jul-02, 1,118.03 
30-Jul-02, 1,122.39 
31-Jul-02, 1,123.24 
1-Aug-02, 1,125.16 
2-Aug-02, 1,119.07 
5-Aug-02, 1,115.31 
6-Aug-02, 1,085.21 
7-Aug-02, 1,091.16 
8-Aug-02, 1,093.25 
9-Aug-02, 1,102.37 
12-Aug-02, 1,098.58 
13-Aug-02, 1,128.16 
14-Aug-02, 1,134.31 
15-Aug-02, 1,133.09 
16-Aug-02, 1,143.57 
19-Aug-02, 1,136.89 
20-Aug-02, 1,128.88 
21-Aug-02, 1,104.73 
22-Aug-02, 1,098.50 
23-Aug-02, 1,087.26 
26-Aug-02, 1,092.86 
27-Aug-02, 1,098.91 
28-Aug-02, 1,109.11 
29-Aug-02, 1,105.96 
30-Aug-02, 1,103.36 
2-Sep-02, 1,098.29 
3-Sep-02, 1,098.09 
4-Sep-02, 1,113.96 
5-Sep-02, 1,118.45 
6-Sep-02, 1,121.31 
9-Sep-02, 1,133.46 
10-Sep-02, 1,133.59 
11-Sep-02, 1,153.41 
12-Sep-02, 1,145.43 
13-Sep-02, 1,155.49 
16-Sep-02, 1,160.12 
17-Sep-02, 1,162.53 
18-Sep-02, 1,153.30 
19-Sep-02, 1,149.03 
20-Sep-02, 1,142.87 
23-Sep-02, 1,138.63 
24-Sep-02, 1,122.07 
25-Sep-02, 1,126.60 
26-Sep-02, 1,120.99 
27-Sep-02, 1,119.92 
30-Sep-02, 1,129.34 
1-Oct-02, 1,115.78 
2-Oct-02, 1,114.70 
3-Oct-02, 1,103.28 
4-Oct-02, 1,101.64 
7-Oct-02, 1,098.01 
8-Oct-02, 1,075.75 
9-Oct-02, 1,081.27 
10-Oct-02, 1,063.29 
11-Oct-02, 1,072.19 
14-Oct-02, 1,067.51 
15-Oct-02, 1,047.69 
16-Oct-02, 1,048.17 
17-Oct-02, 1,039.58 
18-Oct-02, 1,027.67 
21-Oct-02, 1,014.90 
22-Oct-02, 1,019.30 
23-Oct-02, 1,012.86 
24-Oct-02, 1,027.59 
25-Oct-02, 1,032.09 
28-Oct-02, 1,047.05 
29-Oct-02, 1,045.70 
30-Oct-02, 1,048.53 
4-Nov-02, 1,050.98 
5-Nov-02, 1,042.31 
6-Nov-02, 1,060.44 
7-Nov-02, 1,083.60 
8-Nov-02, 1,074.12 
11-Nov-02, 1,063.31 
12-Nov-02, 1,055.29 
13-Nov-02, 1,059.45 
14-Nov-02, 1,061.86 
15-Nov-02, 1,058.71 
18-Nov-02, 1,034.48 
19-Nov-02, 1,024.99 
20-Nov-02, 1,034.20 
21-Nov-02, 1,030.84 
22-Nov-02, 1,054.80 
25-Nov-02, 1,056.41 
26-Nov-02, 1,050.85 
27-Nov-02, 1,036.27 
28-Nov-02, 1,042.66 
29-Nov-02, 1,047.22 
2-Dec-02, 1,050.04 
3-Dec-02, 1,042.54 
4-Dec-02, 1,036.26 
5-Dec-02, 1,031.75 
9-Dec-02, 1,027.53 
10-Dec-02, 1,013.31 
11-Dec-02, 1,013.58 
12-Dec-02, 1,025.51 
13-Dec-02, 1,030.18 
16-Dec-02, 1,019.98 
17-Dec-02, 1,015.39 
18-Dec-02, 1,018.40 
19-Dec-02, 0,997.78 
20-Dec-02, 1,000.78 
23-Dec-02, 1,008.84 
26-Dec-02, 1,015.33 
27-Dec-02, 1,018.41 
2-Jan-03, 1,008.64 
3-Jan-03, 1,011.50 
6-Jan-03, 1,015.07 
7-Jan-03, 1,019.59 
8-Jan-03, 1,040.42 
9-Jan-03, 1,035.31 
10-Jan-03, 1,058.30 
13-Jan-03, 1,055.05 
14-Jan-03, 1,061.33 
15-Jan-03, 1,075.47 
16-Jan-03, 1,074.45 
17-Jan-03, 1,081.60 
20-Jan-03, 1,066.70 
21-Jan-03, 1,060.07 
22-Jan-03, 1,052.44 
23-Jan-03, 1,048.53 
24-Jan-03, 1,050.42 
27-Jan-03, 1,038.67 
28-Jan-03, 1,035.57 
29-Jan-03, 1,039.26 
30-Jan-03, 1,039.88 
31-Jan-03, 1,056.69 
3-Feb-03, 1,058.14 
4-Feb-03, 1,049.67 
5-Feb-03, 1,037.26 
6-Feb-03, 1,036.56 
7-Feb-03, 1,041.83 
10-Feb-03, 1,038.89 
11-Feb-03, 1,044.77 
12-Feb-03, 1,041.37 
13-Feb-03, 1,040.19 
14-Feb-03, 1,033.73 
17-Feb-03, 1,034.76 
18-Feb-03, 1,030.64 
19-Feb-03, 1,029.30 
20-Feb-03, 1,023.23 
21-Feb-03, 1,015.70 
24-Feb-03, 1,013.93 
26-Feb-03, 1,000.27 
27-Feb-03, 1,005.63 
28-Feb-03, 1,019.33 
3-Mar-03, 1,024.55 
4-Mar-03, 1,025.99 
5-Mar-03, 1,009.68 
6-Mar-03, 1,015.72 
7-Mar-03, 1,014.79 
10-Mar-03, 1,010.70 
11-Mar-03, 1,007.11 
12-Mar-03, 1,000.44 
13-Mar-03, 1,000.44 
14-Mar-03, 1,003.99 
17-Mar-03, 0,999.46 
18-Mar-03, 1,005.59 
19-Mar-03, 1,020.46 
20-Mar-03, 1,039.33 
21-Mar-03, 1,032.15 
24-Mar-03, 1,033.09 
25-Mar-03, 1,022.99 
26-Mar-03, 1,027.91 
27-Mar-03, 1,035.00 
28-Mar-03, 1,038.23 
31-Mar-03, 1,039.67 
1-Apr-03, 1,038.07 
2-Apr-03, 1,051.96 
3-Apr-03, 1,062.49 
4-Apr-03, 1,090.66 
8-Apr-03, 1,107.75 
9-Apr-03, 1,095.64 
10-Apr-03, 1,112.53 
11-Apr-03, 1,122.27 
14-Apr-03, 1,133.37 
15-Apr-03, 1,116.48 
16-Apr-03, 1,122.33 
21-Apr-03, 1,125.22 
22-Apr-03, 1,117.12 
23-Apr-03, 1,083.88 
24-Apr-03, 1,070.45 
25-Apr-03, 1,049.39 
28-Apr-03, 1,036.29 
29-Apr-03, 1,048.37 
30-Apr-03, 1,068.15 
5-May-03, 1,080.37 
6-May-03, 1,084.01 
7-May-03, 1,077.90 
8-May-03, 1,078.32 
9-May-03, 1,073.26 
12-May-03, 1,061.40 
13-May-03, 1,058.57 
14-May-03, 1,061.56 
15-May-03, 1,057.14 
16-May-03, 1,059.53 
19-May-03, 1,062.94 
20-May-03, 1,053.12 
21-May-03, 1,046.16 
22-May-03, 1,051.44 
23-May-03, 1,047.34 
26-May-03, 1,046.94 
27-May-03, 1,035.99 
28-May-03, 1,047.82 
29-May-03, 1,066.47 
30-May-03, 1,073.69 
2-Jun-03, 1,070.06 
3-Jun-03, 1,088.83 
4-Jun-03, 1,122.13 
5-Jun-03, 1,165.86 
6-Jun-03, 1,163.84 
9-Jun-03, 1,155.71 
10-Jun-03, 1,156.25 
11-Jun-03, 1,168.75 
12-Jun-03, 1,191.06 
16-Jun-03, 1,205.53 
17-Jun-03, 1,264.51 
18-Jun-03, 1,253.02 
19-Jun-03, 1,251.81 
20-Jun-03, 1,240.68 
23-Jun-03, 1,229.90 
24-Jun-03, 1,204.79 
25-Jun-03, 1,231.64 
26-Jun-03, 1,221.91 
27-Jun-03, 1,236.60 
30-Jun-03, 1,222.80 
1-Jul-03, 1,221.11 
2-Jul-03, 1,227.96 
3-Jul-03, 1,266.12 
4-Jul-03, 1,264.27 
7-Jul-03, 1,289.02 
8-Jul-03, 1,302.22 
9-Jul-03, 1,295.52 
10-Jul-03, 1,284.79 
11-Jul-03, 1,270.77 
14-Jul-03, 1,256.33 
15-Jul-03, 1,272.39 
16-Jul-03, 1,270.33 
17-Jul-03, 1,274.20 
18-Jul-03, 1,284.99 
21-Jul-03, 1,300.87 
22-Jul-03, 1,301.48 
23-Jul-03, 1,298.59 
24-Jul-03, 1,285.37 
25-Jul-03, 1,283.80 
28-Jul-03, 1,256.76 
29-Jul-03, 1,225.23 
30-Jul-03, 1,228.19 
31-Jul-03, 1,240.42 
1-Aug-03, 1,235.30 
4-Aug-03, 1,198.19 
5-Aug-03, 1,217.95 
6-Aug-03, 1,204.32 
7-Aug-03, 1,207.25 
8-Aug-03, 1,232.88 
11-Aug-03, 1,238.00 
12-Aug-03, 1,247.93 
13-Aug-03, 1,262.50 
14-Aug-03, 1,264.30 
15-Aug-03, 1,248.05 
18-Aug-03, 1,248.53 
19-Aug-03, 1,256.96 
20-Aug-03, 1,242.86 
21-Aug-03, 1,245.34 
25-Aug-03, 1,262.10 
26-Aug-03, 1,248.85 
27-Aug-03, 1,242.91 
28-Aug-03, 1,218.42 
29-Aug-03, 1,192.83 
1-Sep-03, 1,201.92 
2-Sep-03, 1,218.10 
3-Sep-03, 1,241.48 
4-Sep-03, 1,233.87 
5-Sep-03, 1,240.58 
8-Sep-03, 1,259.03 
9-Sep-03, 1,299.33 
10-Sep-03, 1,292.52 
11-Sep-03, 1,282.00 
12-Sep-03, 1,272.99 
15-Sep-03, 1,278.09 
16-Sep-03, 1,295.41 
17-Sep-03, 1,320.61 
18-Sep-03, 1,319.72 
19-Sep-03, 1,309.81 
22-Sep-03, 1,314.00 
23-Sep-03, 1,303.01 
24-Sep-03, 1,318.57 
25-Sep-03, 1,314.19 
26-Sep-03, 1,313.85 
29-Sep-03, 1,310.36 
30-Sep-03, 1,297.42 
1-Oct-03, 1,288.11 
2-Oct-03, 1,297.89 
3-Oct-03, 1,304.73 
6-Oct-03, 1,305.46 
7-Oct-03, 1,312.72 
8-Oct-03, 1,298.54 
9-Oct-03, 1,303.66 
10-Oct-03, 1,345.20 
13-Oct-03, 1,384.43 
14-Oct-03, 1,365.12 
15-Oct-03, 1,356.15 
16-Oct-03, 1,368.30 
17-Oct-03, 1,367.33 
20-Oct-03, 1,368.86 
21-Oct-03, 1,386.09 
22-Oct-03, 1,382.74 
23-Oct-03, 1,364.44 
24-Oct-03, 1,363.40 
27-Oct-03, 1,358.17 
28-Oct-03, 1,363.04 
29-Oct-03, 1,364.82 
30-Oct-03, 1,381.24 
31-Oct-03, 1,399.07 
3-Nov-03, 1,406.59 
4-Nov-03, 1,427.19 
5-Nov-03, 1,425.87 
6-Nov-03, 1,423.39 
7-Nov-03, 1,413.11 
10-Nov-03, 1,409.34 
11-Nov-03, 1,383.81 
12-Nov-03, 1,363.53 
13-Nov-03, 1,343.88 
14-Nov-03, 1,345.53 
17-Nov-03, 1,328.66 
18-Nov-03, 1,328.04 
19-Nov-03, 1,318.31 
20-Nov-03, 1,332.34 
21-Nov-03, 1,334.30 
24-Nov-03, 1,334.58 
25-Nov-03, 1,344.36 
27-Nov-03, 1,319.42 
28-Nov-03, 1,313.87 
1-Dec-03, 1,321.26 
2-Dec-03, 1,336.83 
3-Dec-03, 1,357.76 
4-Dec-03, 1,351.50 
5-Dec-03, 1,345.37 
8-Dec-03, 1,349.87 
9-Dec-03, 1,365.83 
10-Dec-03, 1,360.08 
11-Dec-03, 1,359.60 
12-Dec-03, 1,383.32 
15-Dec-03, 1,395.23 
16-Dec-03, 1,399.43 
17-Dec-03, 1,398.56 
18-Dec-03, 1,410.77 
19-Dec-03, 1,422.24 
22-Dec-03, 1,421.03 
23-Dec-03, 1,427.40 
29-Dec-03, 1,450.70 
30-Dec-03, 1,442.37 
5-Jan-04, 1,487.34 
6-Jan-04, 1,532.74 
7-Jan-04, 1,516.09 
8-Jan-04, 1,495.50 
9-Jan-04, 1,528.87 
12-Jan-04, 1,501.02 
13-Jan-04, 1,507.17 
14-Jan-04, 1,525.30 
15-Jan-04, 1,507.90 
16-Jan-04, 1,518.01 
19-Jan-04, 1,520.03 
20-Jan-04, 1,546.89 
21-Jan-04, 1,560.82 
22-Jan-04, 1,560.43 
23-Jan-04, 1,560.02 
26-Jan-04, 1,547.70 
27-Jan-04, 1,565.00 
28-Jan-04, 1,548.97 
29-Jan-04, 1,515.15 
30-Jan-04, 1,508.30 
2-Feb-04, 1,447.05 
3-Feb-04, 1,437.67 
4-Feb-04, 1,441.12 
5-Feb-04, 1,431.79 
6-Feb-04, 1,461.53 
9-Feb-04, 1,478.35 
10-Feb-04, 1,490.21 
11-Feb-04, 1,477.04 
12-Feb-04, 1,479.28 
13-Feb-04, 1,480.77 
16-Feb-04, 1,464.99 
17-Feb-04, 1,464.88 
18-Feb-04, 1,472.12 
19-Feb-04, 1,473.14 
20-Feb-04, 1,488.02 
23-Feb-04, 1,482.57 
24-Feb-04, 1,468.32 
26-Feb-04, 1,485.97 
27-Feb-04, 1,483.18 
1-Mar-04, 1,484.46 
2-Mar-04, 1,477.02 
3-Mar-04, 1,463.00 
4-Mar-04, 1,474.07 
5-Mar-04, 1,471.65 
8-Mar-04, 1,468.76 
9-Mar-04, 1,455.75 
10-Mar-04, 1,455.67 
11-Mar-04, 1,435.07 
12-Mar-04, 1,423.79 
15-Mar-04, 1,419.34 
16-Mar-04, 1,418.67 
17-Mar-04, 1,431.64 
18-Mar-04, 1,448.06 
19-Mar-04, 1,450.83 
22-Mar-04, 1,431.67 
23-Mar-04, 1,418.73 
24-Mar-04, 1,389.87 
25-Mar-04, 1,393.12 
26-Mar-04, 1,390.92 
29-Mar-04, 1,388.15 
30-Mar-04, 1,396.02 
31-Mar-04, 1,424.33 
1-Apr-04, 1,433.11 
2-Apr-04, 1,450.91 
5-Apr-04, 1,490.05 
6-Apr-04, 1,516.81 
12-Apr-04, 1,510.58 
13-Apr-04, 1,485.47 
14-Apr-04, 1,483.43 
15-Apr-04, 1,483.20 
16-Apr-04, 1,498.11 
19-Apr-04, 1,497.48 
20-Apr-04, 1,525.96 
21-Apr-04, 1,537.78 
22-Apr-04, 1,548.28 
23-Apr-04, 1,589.40 
26-Apr-04, 1,571.90 
27-Apr-04, 1,596.93 
28-Apr-04, 1,610.31 
29-Apr-04, 1,581.95 
30-Apr-04, 1,555.01 
3-May-04, 1,562.65 
4-May-04, 1,573.83 
5-May-04, 1,562.13 
6-May-04, 1,551.69 
7-May-04, 1,554.69 
11-May-04, 1,508.26 
12-May-04, 1,540.96 
13-May-04, 1,526.47 
14-May-04, 1,521.61 
17-May-04, 1,486.99 
18-May-04, 1,476.08 
19-May-04, 1,468.32 
20-May-04, 1,472.25 
21-May-04, 1,484.96 
24-May-04, 1,481.91 
25-May-04, 1,493.90 
26-May-04, 1,507.65 
27-May-04, 1,499.12 
28-May-04, 1,517.20 
31-May-04, 1,511.36 
1-Jun-04, 1,518.55 
2-Jun-04, 1,526.94 
3-Jun-04, 1,532.63 
4-Jun-04, 1,524.45 
7-Jun-04, 1,517.17 
8-Jun-04, 1,545.63 
9-Jun-04, 1,543.40 
10-Jun-04, 1,533.73 
11-Jun-04, 1,518.00 
14-Jun-04, 1,536.83 
15-Jun-04, 1,547.25 
16-Jun-04, 1,543.47 
17-Jun-04, 1,539.93 
18-Jun-04, 1,532.75 
21-Jun-04, 1,540.52 
22-Jun-04, 1,542.82 
23-Jun-04, 1,573.47 
24-Jun-04, 1,573.77 
25-Jun-04, 1,579.51 
28-Jun-04, 1,580.35 
29-Jun-04, 1,586.35 
30-Jun-04, 1,579.40 
1-Jul-04, 1,593.60 
2-Jul-04, 1,590.64 
5-Jul-04, 1,589.93 
6-Jul-04, 1,590.95 
7-Jul-04, 1,598.39 
8-Jul-04, 1,595.47 
9-Jul-04, 1,592.46 
12-Jul-04, 1,586.25 
13-Jul-04, 1,573.03 
14-Jul-04, 1,565.34 
15-Jul-04, 1,549.98 
16-Jul-04, 1,551.23 
19-Jul-04, 1,544.26 
20-Jul-04, 1,533.00 
21-Jul-04, 1,539.32 
22-Jul-04, 1,552.79 
23-Jul-04, 1,559.22 
26-Jul-04, 1,543.26 
27-Jul-04, 1,560.90 
28-Jul-04, 1,583.41 
29-Jul-04, 1,599.06 
30-Jul-04, 1,584.70 
2-Aug-04, 1,564.47 
3-Aug-04, 1,562.03 
4-Aug-04, 1,572.91 
5-Aug-04, 1,577.80 
6-Aug-04, 1,576.85 
9-Aug-04, 1,578.21 
10-Aug-04, 1,579.26 
11-Aug-04, 1,592.40 
12-Aug-04, 1,594.48 
13-Aug-04, 1,590.63 
16-Aug-04, 1,594.83 
17-Aug-04, 1,566.83 
18-Aug-04, 1,556.37 
19-Aug-04, 1,573.27 
20-Aug-04, 1,582.84 
23-Aug-04, 1,576.18 
24-Aug-04, 1,542.01 
25-Aug-04, 1,548.08 
26-Aug-04, 1,561.33 
27-Aug-04, 1,582.04 
30-Aug-04, 1,580.41 
31-Aug-04, 1,579.83 
1-Sep-04, 1,592.74 
2-Sep-04, 1,614.00 
3-Sep-04, 1,627.96 
6-Sep-04, 1,633.54 
7-Sep-04, 1,671.76 
8-Sep-04, 1,728.45 
9-Sep-04, 1,739.92 
10-Sep-04, 1,751.60 
13-Sep-04, 1,758.62 
14-Sep-04, 1,717.45 
15-Sep-04, 1,706.08 
16-Sep-04, 1,691.86 
17-Sep-04, 1,681.35 
20-Sep-04, 1,702.21 
21-Sep-04, 1,720.68 
22-Sep-04, 1,727.88 
23-Sep-04, 1,742.56 
24-Sep-04, 1,763.30 
27-Sep-04, 1,760.33 
28-Sep-04, 1,746.08 
29-Sep-04, 1,742.09 
30-Sep-04, 1,761.57 
1-Oct-04, 1,787.25 
4-Oct-04, 1,851.60 
5-Oct-04, 1,833.35 
6-Oct-04, 1,841.67 
7-Oct-04, 1,842.68 
8-Oct-04, 1,836.47 
11-Oct-04, 1,821.97 
12-Oct-04, 1,784.91 
13-Oct-04, 1,790.73 
14-Oct-04, 1,797.30 
15-Oct-04, 1,781.41 
18-Oct-04, 1,789.98 
19-Oct-04, 1,778.85 
20-Oct-04, 1,784.93 
21-Oct-04, 1,766.60 
22-Oct-04, 1,762.14 
25-Oct-04, 1,735.69 
26-Oct-04, 1,768.78 
27-Oct-04, 1,774.34 
28-Oct-04, 1,807.49 
29-Oct-04, 1,819.03 
2-Nov-04, 1,809.54 
3-Nov-04, 1,827.32 
4-Nov-04, 1,820.21 
5-Nov-04, 1,817.52 
8-Nov-04, 1,812.16 
9-Nov-04, 1,789.03 
10-Nov-04, 1,779.18 
11-Nov-04, 1,765.09 
12-Nov-04, 1,742.81 
16-Nov-04, 1,787.89 
17-Nov-04, 1,794.36 
18-Nov-04, 1,817.64 
19-Nov-04, 1,795.59 
22-Nov-04, 1,788.20 
23-Nov-04, 1,811.23 
24-Nov-04, 1,826.19 
25-Nov-04, 1,814.50 
26-Nov-04, 1,814.10 
30-Nov-04, 1,830.96 
1-Dec-04, 1,816.47 
2-Dec-04, 1,816.99 
6-Dec-04, 1,803.37 
7-Dec-04, 1,799.08 
8-Dec-04, 1,801.18 
9-Dec-04, 1,793.68 
10-Dec-04, 1,753.47 
13-Dec-04, 1,748.33 
14-Dec-04, 1,775.73 
15-Dec-04, 1,794.89 
16-Dec-04, 1,820.82 
17-Dec-04, 1,806.33 
20-Dec-04, 1,786.25 
21-Dec-04, 1,775.45 
22-Dec-04, 1,789.74 
23-Dec-04, 1,807.49 
28-Dec-04, 1,825.98 
29-Dec-04, 1,822.83 
3-Jan-05, 1,846.90 
4-Jan-05, 1,873.07 
5-Jan-05, 1,875.37 
6-Jan-05, 1,859.80 
7-Jan-05, 1,851.78 
10-Jan-05, 1,840.47 
11-Jan-05, 1,845.83 
12-Jan-05, 1,820.57 
13-Jan-05, 1,865.11 
14-Jan-05, 1,876.03 
17-Jan-05, 1,909.18 
18-Jan-05, 1,905.45 
19-Jan-05, 1,946.89 
20-Jan-05, 1,956.82 
21-Jan-05, 1,987.84 
24-Jan-05, 2,015.25 
25-Jan-05, 1,990.29 
26-Jan-05, 1,970.28 
27-Jan-05, 1,991.39 
28-Jan-05, 2,014.61 
31-Jan-05, 2,019.56 
1-Feb-05, 1,992.46 
2-Feb-05, 1,989.65 
3-Feb-05, 2,000.22 
4-Feb-05, 1,995.57 
7-Feb-05, 2,016.84 
8-Feb-05, 2,030.08 
9-Feb-05, 2,028.86 
10-Feb-05, 2,048.24 
11-Feb-05, 2,061.48 
14-Feb-05, 2,084.50 
15-Feb-05, 2,090.10 
16-Feb-05, 2,078.48 
17-Feb-05, 2,096.99 
18-Feb-05, 2,085.93 
21-Feb-05, 2,022.66 
22-Feb-05, 1,992.27 
23-Feb-05, 2,042.78 
24-Feb-05, 2,073.19 
28-Feb-05, 2,079.99 
1-Mar-05, 2,088.95 
2-Mar-05, 2,068.42 
3-Mar-05, 2,093.27 
4-Mar-05, 2,124.69 
7-Mar-05, 2,166.10 
8-Mar-05, 2,149.06 
9-Mar-05, 2,157.14 
10-Mar-05, 2,137.42 
11-Mar-05, 2,137.39 
14-Mar-05, 2,115.61 
15-Mar-05, 2,106.31 
16-Mar-05, 2,099.12 
17-Mar-05, 2,100.11 
18-Mar-05, 2,050.28 
21-Mar-05, 2,033.78 
22-Mar-05, 1,999.15 
28-Mar-05, 1,986.95 
29-Mar-05, 1,931.98 
30-Mar-05, 1,951.38 
31-Mar-05, 1,954.69 
1-Apr-05, 1,966.29 
4-Apr-05, 1,994.36 
5-Apr-05, 1,962.70 
6-Apr-05, 1,962.38 
7-Apr-05, 1,914.22 
8-Apr-05, 1,906.69 
11-Apr-05, 1,896.72 
12-Apr-05, 1,927.82 
13-Apr-05, 1,916.58 
14-Apr-05, 1,887.47 
15-Apr-05, 1,864.06 
18-Apr-05, 1,818.87 
19-Apr-05, 1,834.06 
20-Apr-05, 1,854.97 
21-Apr-05, 1,841.94 
22-Apr-05, 1,868.13 
25-Apr-05, 1,860.56 
26-Apr-05, 1,858.14 
27-Apr-05, 1,830.32 
28-Apr-05, 1,838.16 
29-Apr-05, 1,854.63 
3-May-05, 1,865.11 
4-May-05, 1,866.17 
5-May-05, 1,893.20 
6-May-05, 1,913.77 
9-May-05, 1,946.77 
10-May-05, 1,931.54 
11-May-05, 1,921.33 
12-May-05, 1,911.75 
13-May-05, 1,882.39 
16-May-05, 1,862.59 
17-May-05, 1,876.47 
18-May-05, 1,879.39 
19-May-05, 1,893.09 
20-May-05, 1,886.73 
23-May-05, 1,883.48 
24-May-05, 1,881.08 
25-May-05, 1,869.50 
26-May-05, 1,858.72 
27-May-05, 1,875.41 
30-May-05, 1,886.61 
31-May-05, 1,929.38 
1-Jun-05, 1,964.31 
2-Jun-05, 2,010.56 
3-Jun-05, 2,022.49 
6-Jun-05, 2,051.04 
7-Jun-05, 2,003.02 
8-Jun-05, 1,953.28 
9-Jun-05, 1,898.24 
10-Jun-05, 1,937.18 
14-Jun-05, 1,955.79 
15-Jun-05, 1,992.44 
16-Jun-05, 1,999.60 
17-Jun-05, 2,011.17 
20-Jun-05, 2,004.71 
21-Jun-05, 1,954.09 
22-Jun-05, 1,958.62 
23-Jun-05, 1,955.22 
24-Jun-05, 1,947.21 
27-Jun-05, 1,963.50 
28-Jun-05, 1,955.20 
29-Jun-05, 1,945.12 
30-Jun-05, 1,924.23 
1-Jul-05, 1,895.25 
4-Jul-05, 1,815.67 
5-Jul-05, 1,817.02 
6-Jul-05, 1,813.04 
7-Jul-05, 1,847.32 
8-Jul-05, 1,876.28 
11-Jul-05, 1,852.78 
12-Jul-05, 1,868.94 
13-Jul-05, 1,854.04 
14-Jul-05, 1,879.46 
15-Jul-05, 1,897.08 
18-Jul-05, 1,909.25 
19-Jul-05, 1,889.55 
20-Jul-05, 1,944.71 
21-Jul-05, 1,960.76 
22-Jul-05, 1,954.40 
26-Jul-05, 1,959.58 
27-Jul-05, 1,974.54 
28-Jul-05, 1,999.82 
29-Jul-05, 2,000.25 
1-Aug-05, 1,982.93 
2-Aug-05, 1,985.09 
3-Aug-05, 1,988.14 
4-Aug-05, 1,978.00 
5-Aug-05, 1,975.60 
8-Aug-05, 1,974.83 
9-Aug-05, 1,990.00 
10-Aug-05, 2,010.41 
11-Aug-05, 2,023.70 
12-Aug-05, 2,038.10 
15-Aug-05, 2,005.99 
16-Aug-05, 1,993.58 
17-Aug-05, 1,985.10 
18-Aug-05, 1,979.12 
19-Aug-05, 1,966.33 
22-Aug-05, 1,963.37 
23-Aug-05, 1,943.76 
24-Aug-05, 1,924.15 
25-Aug-05, 1,925.68 
26-Aug-05, 1,934.56 
30-Aug-05, 1,951.63 
31-Aug-05, 1,936.90 
1-Sep-05, 1,941.41 
2-Sep-05, 1,946.38 
5-Sep-05, 1,929.02 
6-Sep-05, 1,896.71 
7-Sep-05, 1,897.33 
8-Sep-05, 1,905.84 
9-Sep-05, 1,882.77 
12-Sep-05, 1,866.91 
13-Sep-05, 1,894.67 
14-Sep-05, 1,914.74 
15-Sep-05, 1,903.09 
16-Sep-05, 1,909.80 
19-Sep-05, 1,928.09 
20-Sep-05, 1,933.51 
21-Sep-05, 1,959.15 
22-Sep-05, 1,965.27 
23-Sep-05, 1,959.51 
26-Sep-05, 1,954.74 
27-Sep-05, 1,984.49 
28-Sep-05, 1,976.10 
29-Sep-05, 1,970.19 
30-Sep-05, 1,942.07 
3-Oct-05, 1,945.82 
4-Oct-05, 1,938.35 
5-Oct-05, 1,940.94 
6-Oct-05, 1,939.35 
7-Oct-05, 1,952.28 
10-Oct-05, 1,949.42 
11-Oct-05, 1,964.22 
12-Oct-05, 1,958.26 
13-Oct-05, 1,955.01 
14-Oct-05, 1,953.14 
17-Oct-05, 1,947.46 
18-Oct-05, 1,947.33 
19-Oct-05, 1,954.29 
20-Oct-05, 1,944.62 
21-Oct-05, 1,922.50 
24-Oct-05, 1,917.47 
25-Oct-05, 1,927.49 
26-Oct-05, 1,934.55 
27-Oct-05, 1,941.46 
28-Oct-05, 1,960.22 
2-Nov-05, 2,007.12 
3-Nov-05, 2,031.70 
7-Nov-05, 2,030.05 
8-Nov-05, 2,046.93 
9-Nov-05, 2,097.30 
10-Nov-05, 2,099.14 
11-Nov-05, 2,092.68 
14-Nov-05, 2,072.05 
15-Nov-05, 2,063.74 
16-Nov-05, 2,060.75 
17-Nov-05, 2,056.13 
18-Nov-05, 2,079.98 
21-Nov-05, 2,126.56 
22-Nov-05, 2,130.93 
23-Nov-05, 2,103.75 
24-Nov-05, 2,119.65 
25-Nov-05, 2,106.10 
29-Nov-05, 2,107.36 
30-Nov-05, 2,099.74 
1-Dec-05, 2,086.18 
2-Dec-05, 2,114.89 
5-Dec-05, 2,116.30 
6-Dec-05, 2,099.15 
7-Dec-05, 2,103.42 
8-Dec-05, 2,113.60 
9-Dec-05, 2,100.25 
12-Dec-05, 2,101.40 
13-Dec-05, 2,099.04 
14-Dec-05, 2,097.25 
15-Dec-05, 2,071.67 
16-Dec-05, 2,047.56 
19-Dec-05, 2,024.70 
20-Dec-05, 2,062.78 
21-Dec-05, 2,075.05 
22-Dec-05, 2,078.58 
23-Dec-05, 2,111.46 
27-Dec-05, 2,088.60 
28-Dec-05, 2,067.32 
29-Dec-05, 2,096.04 
2-Jan-06, 2,092.00 
3-Jan-06, 2,109.79 
4-Jan-06, 2,138.05 
5-Jan-06, 2,150.93 
6-Jan-06, 2,133.79 
9-Jan-06, 2,151.15 
10-Jan-06, 2,162.43 
11-Jan-06, 2,150.71 
12-Jan-06, 2,158.65 
13-Jan-06, 2,148.27 
16-Jan-06, 2,137.76 
17-Jan-06, 2,154.30 
18-Jan-06, 2,125.45 
19-Jan-06, 2,109.08 
20-Jan-06, 2,108.25 
23-Jan-06, 2,099.51 
24-Jan-06, 2,103.37 
25-Jan-06, 2,112.49 
26-Jan-06, 2,117.81 
27-Jan-06, 2,121.89 
30-Jan-06, 2,131.91 
31-Jan-06, 2,145.39 
1-Feb-06, 2,143.52 
2-Feb-06, 2,159.37 
3-Feb-06, 2,138.71 
6-Feb-06, 2,133.13 
7-Feb-06, 2,097.38 
8-Feb-06, 2,060.92 
9-Feb-06, 2,083.65 
10-Feb-06, 2,085.29 
13-Feb-06, 2,087.64 
14-Feb-06, 2,069.89 
15-Feb-06, 2,074.09 
16-Feb-06, 2,076.42 
17-Feb-06, 2,102.16 
20-Feb-06, 2,084.10 
21-Feb-06, 2,076.81 
22-Feb-06, 2,067.88 
23-Feb-06, 2,091.32 
24-Feb-06, 2,069.93 
27-Feb-06, 2,089.36 
28-Feb-06, 2,122.96 
1-Mar-06, 2,135.27 
2-Mar-06, 2,137.61 
3-Mar-06, 2,130.37 
6-Mar-06, 2,148.32 
7-Mar-06, 2,121.91 
8-Mar-06, 2,099.26 
9-Mar-06, 2,109.77 
10-Mar-06, 2,103.37 
13-Mar-06, 2,121.76 
14-Mar-06, 2,120.99 
15-Mar-06, 2,127.91 
16-Mar-06, 2,141.77 
17-Mar-06, 2,150.17 
20-Mar-06, 2,163.31 
21-Mar-06, 2,185.71 
22-Mar-06, 2,184.70 
23-Mar-06, 2,192.78 
24-Mar-06, 2,208.13 
27-Mar-06, 2,195.95 
28-Mar-06, 2,186.79 
29-Mar-06, 2,181.58 
30-Mar-06, 2,180.64 
31-Mar-06, 2,195.95 
3-Apr-06, 2,189.77 
4-Apr-06, 2,194.20 
5-Apr-06, 2,197.90 
6-Apr-06, 2,220.37 
7-Apr-06, 2,216.73 
10-Apr-06, 2,207.94 
11-Apr-06, 2,217.38 
12-Apr-06, 2,223.97 
17-Apr-06, 2,229.36 
18-Apr-06, 2,225.72 
19-Apr-06, 2,223.73 
20-Apr-06, 2,242.76 
21-Apr-06, 2,262.97 
24-Apr-06, 2,250.48 
25-Apr-06, 2,232.55 
26-Apr-06, 2,247.14 
27-Apr-06, 2,281.39 
28-Apr-06, 2,270.53 
2-May-06, 2,305.64 
3-May-06, 2,340.82 
4-May-06, 2,370.29 
5-May-06, 2,470.24 
8-May-06, 2,589.17 
9-May-06, 2,512.23 
10-May-06, 2,529.49 
11-May-06, 2,550.79 
12-May-06, 2,518.20 
15-May-06, 2,438.73 
16-May-06, 2,460.19 
17-May-06, 2,463.57 
18-May-06, 2,378.74 
19-May-06, 2,356.02 
22-May-06, 2,357.98 
23-May-06, 2,264.36 
24-May-06, 2,252.58 
25-May-06, 2,229.33 
26-May-06, 2,300.39 
29-May-06, 2,282.89 
30-May-06, 2,300.08 
31-May-06, 2,296.11 
1-Jun-06, 2,310.15 
2-Jun-06, 2,304.17 
5-Jun-06, 2,304.41 
6-Jun-06, 2,289.80 
7-Jun-06, 2,218.42 
8-Jun-06, 2,157.68 
9-Jun-06, 2,159.50 
13-Jun-06, 2,120.29 
14-Jun-06, 2,067.00 
15-Jun-06, 2,081.80 
16-Jun-06, 2,121.47 
19-Jun-06, 2,119.79 
20-Jun-06, 2,068.09 
21-Jun-06, 2,057.77 
22-Jun-06, 2,097.39 
23-Jun-06, 2,113.17 
26-Jun-06, 2,092.40 
27-Jun-06, 2,081.09 
28-Jun-06, 2,066.06 
29-Jun-06, 2,084.62 
30-Jun-06, 2,178.79 
3-Jul-06, 2,194.84 
4-Jul-06, 2,256.48 
5-Jul-06, 2,262.34 
6-Jul-06, 2,227.85 
7-Jul-06, 2,258.03 
10-Jul-06, 2,238.84 
11-Jul-06, 2,243.22 
12-Jul-06, 2,231.68 
13-Jul-06, 2,261.57 
14-Jul-06, 2,210.15 
17-Jul-06, 2,175.21 
18-Jul-06, 2,191.78 
19-Jul-06, 2,181.57 
20-Jul-06, 2,247.40 
21-Jul-06, 2,241.25 
25-Jul-06, 2,267.67 
26-Jul-06, 2,289.13 
27-Jul-06, 2,336.42 
28-Jul-06, 2,329.57 
31-Jul-06, 2,390.84 
1-Aug-06, 2,388.33 
2-Aug-06, 2,308.37 
3-Aug-06, 2,357.55 
4-Aug-06, 2,362.60 
7-Aug-06, 2,378.63 
8-Aug-06, 2,367.75 
9-Aug-06, 2,349.22 
10-Aug-06, 2,326.06 
11-Aug-06, 2,341.46 
14-Aug-06, 2,327.50 
15-Aug-06, 2,329.42 
16-Aug-06, 2,343.51 
17-Aug-06, 2,345.96 
18-Aug-06, 2,329.90 
22-Aug-06, 2,318.14 
23-Aug-06, 2,314.57 
24-Aug-06, 2,314.09 
25-Aug-06, 2,274.53 
28-Aug-06, 2,298.58 
29-Aug-06, 2,302.69 
30-Aug-06, 2,296.78 
31-Aug-06, 2,312.23 
1-Sep-06, 2,329.44 
4-Sep-06, 2,371.10 
5-Sep-06, 2,392.56 
6-Sep-06, 2,396.20 
7-Sep-06, 2,405.25 
8-Sep-06, 2,378.04 
11-Sep-06, 2,400.78 
12-Sep-06, 2,361.66 
13-Sep-06, 2,379.43 
14-Sep-06, 2,406.48 
15-Sep-06, 2,434.86 
18-Sep-06, 2,501.80 
19-Sep-06, 2,563.66 
20-Sep-06, 2,512.76 
21-Sep-06, 2,557.21 
22-Sep-06, 2,531.65 
25-Sep-06, 2,531.68 
26-Sep-06, 2,544.48 
27-Sep-06, 2,556.71 
2-Oct-06, 2,542.69 
3-Oct-06, 2,522.50 
4-Oct-06, 2,486.82 
5-Oct-06, 2,561.06 
6-Oct-06, 2,560.22 
9-Oct-06, 2,551.92 
10-Oct-06, 2,528.98 
11-Oct-06, 2,527.27 
12-Oct-06, 2,534.40 
13-Oct-06, 2,557.25 
16-Oct-06, 2,584.20 
17-Oct-06, 2,543.48 
18-Oct-06, 2,546.53 
19-Oct-06, 2,597.15 
20-Oct-06, 2,617.41 
23-Oct-06, 2,625.52 
25-Oct-06, 2,678.72 
26-Oct-06, 2,682.94 
27-Oct-06, 2,702.37 
30-Oct-06, 2,708.19 
31-Oct-06, 2,708.50 
2-Nov-06, 2,721.78 
3-Nov-06, 2,766.86 
6-Nov-06, 2,763.89 
7-Nov-06, 2,792.74 
8-Nov-06, 2,755.28 
9-Nov-06, 2,818.83 
10-Nov-06, 2,839.38 
13-Nov-06, 2,821.92 
14-Nov-06, 2,801.79 
15-Nov-06, 2,791.49 
16-Nov-06, 2,818.59 
17-Nov-06, 2,842.54 
20-Nov-06, 2,843.31 
21-Nov-06, 2,825.41 
22-Nov-06, 2,855.23 
23-Nov-06, 2,814.56 
24-Nov-06, 2,817.84 
27-Nov-06, 2,817.56 
28-Nov-06, 2,779.14 
29-Nov-06, 2,745.56 
30-Nov-06, 2,788.46 
4-Dec-06, 2,795.30 
5-Dec-06, 2,808.09 
6-Dec-06, 2,797.79 
7-Dec-06, 2,796.18 
8-Dec-06, 2,831.40 
11-Dec-06, 2,841.77 
12-Dec-06, 2,840.82 
13-Dec-06, 2,835.86 
14-Dec-06, 2,833.27 
15-Dec-06, 2,856.29 
18-Dec-06, 2,877.83 
19-Dec-06, 2,849.71 
20-Dec-06, 2,829.57 
21-Dec-06, 2,862.51 
22-Dec-06, 2,858.31 
27-Dec-06, 2,883.47 
28-Dec-06, 2,943.38 
29-Dec-06, 2,982.54 
2-Jan-07, 2,976.85 
3-Jan-07, 3,020.70 
4-Jan-07, 3,012.74 
5-Jan-07, 2,996.39 
8-Jan-07, 2,952.32 
9-Jan-07, 2,972.32 
10-Jan-07, 2,951.08 
11-Jan-07, 2,940.16 
12-Jan-07, 2,992.33 
15-Jan-07, 3,019.06 
16-Jan-07, 3,070.29 
17-Jan-07, 3,041.56 
18-Jan-07, 3,081.73 
19-Jan-07, 3,085.18 
22-Jan-07, 3,141.28 
23-Jan-07, 3,199.34 
24-Jan-07, 3,244.75 
25-Jan-07, 3,275.19 
26-Jan-07, 3,162.82 
29-Jan-07, 3,177.36 
30-Jan-07, 3,196.66 
31-Jan-07, 3,239.27 
1-Feb-07, 3,245.26 
2-Feb-07, 3,269.18 
5-Feb-07, 3,281.90 
6-Feb-07, 3,271.97 
7-Feb-07, 3,232.39 
8-Feb-07, 3,196.08 
9-Feb-07, 3,245.81 
12-Feb-07, 3,234.16 
13-Feb-07, 3,233.91 
14-Feb-07, 3,300.94 
15-Feb-07, 3,379.37 
16-Feb-07, 3,333.56 
19-Feb-07, 3,329.03 
20-Feb-07, 3,375.31 
21-Feb-07, 3,378.92 
22-Feb-07, 3,365.53 
23-Feb-07, 3,389.37 
26-Feb-07, 3,380.00 
27-Feb-07, 3,331.29 
28-Feb-07, 3,067.45 
1-Mar-07, 3,190.12 
2-Mar-07, 3,140.34 
5-Mar-07, 2,997.88 
6-Mar-07, 2,973.27 
7-Mar-07, 3,063.26 
8-Mar-07, 3,028.37 
9-Mar-07, 3,099.82 
12-Mar-07, 3,124.96 
13-Mar-07, 3,181.96 
14-Mar-07, 3,074.28 
15-Mar-07, 3,043.61 
16-Mar-07, 3,062.25 
19-Mar-07, 3,041.38 
20-Mar-07, 3,039.38 
21-Mar-07, 3,090.47 
22-Mar-07, 3,178.32 
23-Mar-07, 3,170.05 
26-Mar-07, 3,150.04 
27-Mar-07, 3,174.75 
28-Mar-07, 3,162.81 
29-Mar-07, 3,151.72 
30-Mar-07, 3,203.55 
2-Apr-07, 3,229.60 
3-Apr-07, 3,248.00 
4-Apr-07, 3,294.23 
10-Apr-07, 3,304.42 
11-Apr-07, 3,294.21 
12-Apr-07, 3,223.22 
13-Apr-07, 3,217.07 
16-Apr-07, 3,267.86 
17-Apr-07, 3,318.17 
18-Apr-07, 3,295.28 
19-Apr-07, 3,238.06 
20-Apr-07, 3,254.76 
23-Apr-07, 3,319.01 
24-Apr-07, 3,291.93 
25-Apr-07, 3,309.43 
26-Apr-07, 3,350.34 
27-Apr-07, 3,318.38 
30-Apr-07, 3,270.73 
2-May-07, 3,271.99 
3-May-07, 3,271.53 
4-May-07, 3,278.48 
7-May-07, 3,329.89 
8-May-07, 3,333.95 
9-May-07, 3,345.98 
10-May-07, 3,342.21 
11-May-07, 3,364.61 
15-May-07, 3,408.73 
16-May-07, 3,409.20 
17-May-07, 3,417.69 
18-May-07, 3,449.18 
21-May-07, 3,466.34 
22-May-07, 3,505.03 
23-May-07, 3,466.56 
24-May-07, 3,470.77 
25-May-07, 3,441.76 
28-May-07, 3,443.56 
29-May-07, 3,452.62 
30-May-07, 3,398.55 
31-May-07, 3,474.67 
1-Jun-07, 3,547.35 
4-Jun-07, 3,622.94 
5-Jun-07, 3,608.14 
6-Jun-07, 3,570.47 
7-Jun-07, 3,528.79 
8-Jun-07, 3,526.73 
12-Jun-07, 3,571.10 
13-Jun-07, 3,543.82 
14-Jun-07, 3,628.62 
15-Jun-07, 3,671.29 
18-Jun-07, 3,680.55 
19-Jun-07, 3,667.14 
20-Jun-07, 3,718.88 
21-Jun-07, 3,714.59 
22-Jun-07, 3,701.16 
25-Jun-07, 3,652.92 
26-Jun-07, 3,656.55 
27-Jun-07, 3,585.30 
28-Jun-07, 3,642.73 
29-Jun-07, 3,660.86 
2-Jul-07, 3,682.73 
3-Jul-07, 3,742.63 
4-Jul-07, 3,724.56 
5-Jul-07, 3,791.42 
6-Jul-07, 3,751.02 
9-Jul-07, 3,736.26 
10-Jul-07, 3,713.22 
11-Jul-07, 3,696.51 
12-Jul-07, 3,756.75 
13-Jul-07, 3,786.02 
16-Jul-07, 3,753.26 
17-Jul-07, 3,729.68 
18-Jul-07, 3,734.80 
19-Jul-07, 3,702.91 
20-Jul-07, 3,738.28 
23-Jul-07, 3,737.79 
24-Jul-07, 3,706.24 
25-Jul-07, 3,645.51 
26-Jul-07, 3,659.68 
27-Jul-07, 3,518.76 
30-Jul-07, 3,467.46 
31-Jul-07, 3,501.20 
1-Aug-07, 3,426.45 
2-Aug-07, 3,359.02 
3-Aug-07, 3,352.24 
6-Aug-07, 3,256.99 
7-Aug-07, 3,348.34 
8-Aug-07, 3,375.91 
9-Aug-07, 3,385.20 
10-Aug-07, 3,281.96 
13-Aug-07, 3,267.03 
14-Aug-07, 3,263.56 
15-Aug-07, 3,130.34 
16-Aug-07, 2,942.31 
17-Aug-07, 2,884.34 
21-Aug-07, 3,167.52 
22-Aug-07, 3,139.46 
23-Aug-07, 3,229.15 
24-Aug-07, 3,206.94 
28-Aug-07, 3,251.77 
29-Aug-07, 3,209.53 
30-Aug-07, 3,320.34 
31-Aug-07, 3,365.29 
3-Sep-07, 3,369.14 
4-Sep-07, 3,312.30 
5-Sep-07, 3,342.35 
6-Sep-07, 3,326.53 
7-Sep-07, 3,332.97 
10-Sep-07, 3,281.08 
11-Sep-07, 3,267.97 
12-Sep-07, 3,307.60 
13-Sep-07, 3,289.22 
14-Sep-07, 3,294.55 
17-Sep-07, 3,307.43 
18-Sep-07, 3,289.75 
19-Sep-07, 3,362.98 
20-Sep-07, 3,442.38 
21-Sep-07, 3,423.73 
24-Sep-07, 3,434.45 
25-Sep-07, 3,440.67 
26-Sep-07, 3,475.75 
27-Sep-07, 3,577.51 
28-Sep-07, 3,572.90 
1-Oct-07, 3,597.92 
2-Oct-07, 3,677.19 
3-Oct-07, 3,769.82 
4-Oct-07, 3,775.46 
5-Oct-07, 3,775.91 
8-Oct-07, 3,873.50 
9-Oct-07, 3,776.00 
10-Oct-07, 3,834.71 
11-Oct-07, 3,824.20 
15-Oct-07, 3,861.38 
16-Oct-07, 3,815.22 
17-Oct-07, 3,760.04 
18-Oct-07, 3,771.12 
19-Oct-07, 3,819.75 
22-Oct-07, 3,667.87 
23-Oct-07, 3,697.17 
24-Oct-07, 3,763.47 
25-Oct-07, 3,767.78 
26-Oct-07, 3,784.88 
30-Oct-07, 3,783.43 
31-Oct-07, 3,758.97 
5-Nov-07, 3,774.81 
6-Nov-07, 3,773.63 
7-Nov-07, 3,788.26 
8-Nov-07, 3,692.10 
9-Nov-07, 3,703.66 
12-Nov-07, 3,618.37 
13-Nov-07, 3,599.49 
14-Nov-07, 3,681.62 
15-Nov-07, 3,672.22 
16-Nov-07, 3,598.96 
19-Nov-07, 3,645.22 
20-Nov-07, 3,540.61 
21-Nov-07, 3,510.49 
22-Nov-07, 3,478.94 
23-Nov-07, 3,494.44 
26-Nov-07, 3,537.29 
27-Nov-07, 3,524.19 
28-Nov-07, 3,537.00 
29-Nov-07, 3,578.55 
3-Dec-07, 3,626.88 
4-Dec-07, 3,644.45 
5-Dec-07, 3,648.71 
6-Dec-07, 3,733.96 
7-Dec-07, 3,745.39 
10-Dec-07, 3,675.52 
11-Dec-07, 3,672.38 
12-Dec-07, 3,605.59 
13-Dec-07, 3,626.21 
14-Dec-07, 3,538.69 
17-Dec-07, 3,488.82 
18-Dec-07, 3,470.21 
19-Dec-07, 3,466.28 
20-Dec-07, 3,491.96 
21-Dec-07, 3,532.98 
26-Dec-07, 3,612.63 
27-Dec-07, 3,667.64 
28-Dec-07, 3,621.60 
2-Jan-08, 3,617.29 
3-Jan-08, 3,501.38 
4-Jan-08, 3,479.37 
7-Jan-08, 3,388.81 
8-Jan-08, 3,420.56 
9-Jan-08, 3,416.08 
10-Jan-08, 3,454.60 
11-Jan-08, 3,503.70 
14-Jan-08, 3,482.28 
15-Jan-08, 3,447.29 
16-Jan-08, 3,351.66 
17-Jan-08, 3,248.89 
18-Jan-08, 3,168.30 
21-Jan-08, 3,152.30 
22-Jan-08, 2,978.41 
23-Jan-08, 3,058.26 
24-Jan-08, 3,147.42 
25-Jan-08, 3,237.41 
28-Jan-08, 3,203.56 
29-Jan-08, 3,224.24 
30-Jan-08, 3,256.53 
31-Jan-08, 3,266.00 
1-Feb-08, 3,294.08 
4-Feb-08, 3,323.25 
5-Feb-08, 3,283.56 
6-Feb-08, 3,228.84 
7-Feb-08, 3,223.20 
8-Feb-08, 3,241.13 
11-Feb-08, 3,179.48 
12-Feb-08, 3,200.90 
13-Feb-08, 3,223.35 
14-Feb-08, 3,211.60 
15-Feb-08, 3,182.85 
18-Feb-08, 3,163.25 
19-Feb-08, 3,190.67 
20-Feb-08, 3,181.05 
21-Feb-08, 3,176.06 
22-Feb-08, 3,080.24 
26-Feb-08, 3,079.54 
27-Feb-08, 3,105.00 
28-Feb-08, 3,112.85 
29-Feb-08, 3,129.99 
3-Mar-08, 3,079.99 
4-Mar-08, 3,108.72 
5-Mar-08, 3,092.65 
6-Mar-08, 3,116.84 
7-Mar-08, 3,028.73 
10-Mar-08, 2,908.88 
11-Mar-08, 2,909.00 
12-Mar-08, 2,953.39 
13-Mar-08, 2,940.47 
14-Mar-08, 2,906.53 
17-Mar-08, 2,793.68 
18-Mar-08, 2,777.42 
19-Mar-08, 2,817.58 
24-Mar-08, 2,867.50 
25-Mar-08, 2,892.20 
26-Mar-08, 2,918.37 
27-Mar-08, 2,925.91 
28-Mar-08, 2,956.02 
31-Mar-08, 2,984.67 
1-Apr-08, 2,969.83 
2-Apr-08, 3,048.31 
3-Apr-08, 3,034.81 
4-Apr-08, 2,983.04 
8-Apr-08, 2,981.12 
9-Apr-08, 2,961.78 
10-Apr-08, 2,955.11 
11-Apr-08, 2,940.98 
14-Apr-08, 2,918.27 
15-Apr-08, 2,904.73 
16-Apr-08, 2,921.74 
17-Apr-08, 2,940.48 
18-Apr-08, 2,915.67 
21-Apr-08, 2,890.92 
22-Apr-08, 2,855.75 
23-Apr-08, 2,824.81 
24-Apr-08, 2,844.02 
25-Apr-08, 2,777.93 
28-Apr-08, 2,739.44 
29-Apr-08, 2,754.29 
30-Apr-08, 2,749.77 
2-May-08, 2,722.95 
5-May-08, 2,765.52 
6-May-08, 2,727.70 
7-May-08, 2,739.43 
8-May-08, 2,760.62 
9-May-08, 2,779.42 
12-May-08, 2,803.49 
13-May-08, 2,849.29 
14-May-08, 2,862.53 
15-May-08, 2,878.26 
16-May-08, 2,879.95 
19-May-08, 2,877.46 
20-May-08, 2,896.15 
21-May-08, 2,872.45 
22-May-08, 2,838.58 
23-May-08, 2,849.28 
26-May-08, 2,840.52 
27-May-08, 2,855.98 
28-May-08, 2,833.27 
29-May-08, 2,802.22 
30-May-08, 2,827.44 
2-Jun-08, 2,825.89 
3-Jun-08, 2,782.80 
4-Jun-08, 2,773.12 
5-Jun-08, 2,718.42 
6-Jun-08, 2,739.70 
10-Jun-08, 2,645.95 
11-Jun-08, 2,579.28 
12-Jun-08, 2,544.89 
13-Jun-08, 2,554.75 
16-Jun-08, 2,620.76 
17-Jun-08, 2,637.26 
18-Jun-08, 2,628.20 
19-Jun-08, 2,592.59 
20-Jun-08, 2,578.57 
23-Jun-08, 2,499.38 
24-Jun-08, 2,474.87 
25-Jun-08, 2,510.80 
26-Jun-08, 2,521.61 
27-Jun-08, 2,466.28 
30-Jun-08, 2,459.98 
1-Jul-08, 2,415.25 
2-Jul-08, 2,393.90 
3-Jul-08, 2,339.84 
4-Jul-08, 2,369.21 
7-Jul-08, 2,414.66 
8-Jul-08, 2,450.55 
9-Jul-08, 2,481.53 
10-Jul-08, 2,450.62 
11-Jul-08, 2,437.99 
14-Jul-08, 2,457.27 
15-Jul-08, 2,413.26 
16-Jul-08, 2,373.70 
17-Jul-08, 2,393.62 
18-Jul-08, 2,389.52 
21-Jul-08, 2,416.62 
22-Jul-08, 2,409.98 
23-Jul-08, 2,462.94 
24-Jul-08, 2,535.91 
25-Jul-08, 2,512.72 
28-Jul-08, 2,540.81 
29-Jul-08, 2,526.04 
30-Jul-08, 2,583.83 
31-Jul-08, 2,577.10 
1-Aug-08, 2,584.21 
4-Aug-08, 2,599.99 
5-Aug-08, 2,602.38 
6-Aug-08, 2,697.21 
7-Aug-08, 2,684.64 
8-Aug-08, 2,692.81 
11-Aug-08, 2,768.52 
12-Aug-08, 2,755.86 
13-Aug-08, 2,721.94 
14-Aug-08, 2,727.28 
15-Aug-08, 2,725.15 
19-Aug-08, 2,691.20 
20-Aug-08, 2,681.66 
21-Aug-08, 2,656.92 
22-Aug-08, 2,653.18 
26-Aug-08, 2,637.65 
27-Aug-08, 2,646.70 
28-Aug-08, 2,655.75 
29-Aug-08, 2,688.09 
1-Sep-08, 2,686.52 
2-Sep-08, 2,708.25 
3-Sep-08, 2,750.03 
4-Sep-08, 2,754.05 
5-Sep-08, 2,724.72 
8-Sep-08, 2,728.53 
9-Sep-08, 2,721.52 
10-Sep-08, 2,709.49 
11-Sep-08, 2,672.56 
12-Sep-08, 2,646.12 
15-Sep-08, 2,536.16 
16-Sep-08, 2,421.72 
17-Sep-08, 2,457.00 
18-Sep-08, 2,352.37 
19-Sep-08, 2,462.79 
22-Sep-08, 2,520.13 
23-Sep-08, 2,486.29 
24-Sep-08, 2,510.32 
25-Sep-08, 2,566.37 
26-Sep-08, 2,597.23 
29-Sep-08, 2,607.58 
30-Sep-08, 2,569.65 
2-Oct-08, 2,612.89 
3-Oct-08, 2,566.21 
6-Oct-08, 2,499.53 
7-Oct-08, 2,424.19 
8-Oct-08, 2,307.74 
9-Oct-08, 2,288.44 
10-Oct-08, 2,097.80 
13-Oct-08, 2,118.75 
14-Oct-08, 2,273.65 
15-Oct-08, 2,238.41 
16-Oct-08, 2,122.37 
17-Oct-08, 2,098.26 
20-Oct-08, 2,062.88 
21-Oct-08, 2,116.74 
22-Oct-08, 2,093.01 
23-Oct-08, 1,995.92 
24-Oct-08, 1,953.49 
27-Oct-08, 1,713.83 
28-Oct-08, 1,704.41 
29-Oct-08, 1,780.64 
30-Oct-08, 1,864.93 
31-Oct-08, 1,951.09 
3-Nov-08, 2,025.58 
4-Nov-08, 2,003.04 
5-Nov-08, 2,006.21 
6-Nov-08, 1,941.62 
7-Nov-08, 1,921.34 
10-Nov-08, 1,938.97 
11-Nov-08, 1,948.22 
12-Nov-08, 1,948.72 
13-Nov-08, 1,918.97 
14-Nov-08, 1,978.05 
17-Nov-08, 1,940.00 
18-Nov-08, 1,873.60 
19-Nov-08, 1,908.18 
20-Nov-08, 1,842.33 
21-Nov-08, 1,765.90 
24-Nov-08, 1,799.72 
25-Nov-08, 1,908.18 
26-Nov-08, 1,932.91 
27-Nov-08, 1,967.01 
28-Nov-08, 1,971.57 
2-Dec-08, 1,879.87 
3-Dec-08, 1,905.28 
4-Dec-08, 1,890.89 
5-Dec-08, 1,888.96 
8-Dec-08, 1,908.68 
9-Dec-08, 1,935.07 
10-Dec-08, 1,938.82 
11-Dec-08, 1,933.12 
12-Dec-08, 1,893.74 
15-Dec-08, 1,913.26 
16-Dec-08, 1,889.32 
17-Dec-08, 1,904.56 
18-Dec-08, 1,901.46 
19-Dec-08, 1,903.53 
22-Dec-08, 1,840.94 
23-Dec-08, 1,862.19 
24-Dec-08, 1,872.85 
5-Jan-09, 1,974.69 
6-Jan-09, 1,969.58 
7-Jan-09, 2,003.89 
8-Jan-09, 1,970.72 
9-Jan-09, 1,984.88 
12-Jan-09, 1,997.83 
13-Jan-09, 1,996.04 
14-Jan-09, 1,984.92 
15-Jan-09, 1,954.97 
16-Jan-09, 1,950.13 
19-Jan-09, 1,922.99 
20-Jan-09, 1,897.93 
21-Jan-09, 1,840.12 
22-Jan-09, 1,863.52 
23-Jan-09, 1,857.34 
26-Jan-09, 1,869.92 
27-Jan-09, 1,880.81 
28-Jan-09, 1,869.56 
29-Jan-09, 1,860.69 
30-Jan-09, 1,825.09 
2-Feb-09, 1,833.57 
3-Feb-09, 1,826.13 
4-Feb-09, 1,847.55 
5-Feb-09, 1,892.07 
6-Feb-09, 1,942.48 
9-Feb-09, 1,951.46 
10-Feb-09, 1,917.57 
11-Feb-09, 1,897.75 
12-Feb-09, 1,924.10 
13-Feb-09, 1,919.66 
16-Feb-09, 1,915.79 
17-Feb-09, 1,899.90 
18-Feb-09, 1,892.23 
19-Feb-09, 1,899.80 
20-Feb-09, 1,881.44 
23-Feb-09, 1,891.04 
24-Feb-09, 1,869.59 
25-Feb-09, 1,887.10 
26-Feb-09, 1,880.38 
27-Feb-09, 1,872.22 
2-Mar-09, 1,856.43 
3-Mar-09, 1,859.98 
4-Mar-09, 1,885.92 
5-Mar-09, 1,924.30 
6-Mar-09, 1,920.16 
9-Mar-09, 1,890.62 
10-Mar-09, 1,873.22 
11-Mar-09, 1,901.42 
12-Mar-09, 1,879.67 
13-Mar-09, 1,856.10 
16-Mar-09, 1,769.67 
17-Mar-09, 1,759.33 
18-Mar-09, 1,770.28 
19-Mar-09, 1,780.26 
20-Mar-09, 1,833.90 
23-Mar-09, 1,879.09 
24-Mar-09, 1,917.69 
25-Mar-09, 1,939.54 
26-Mar-09, 1,988.26 
27-Mar-09, 2,040.25 
30-Mar-09, 2,023.11 
31-Mar-09, 1,986.22 
1-Apr-09, 1,967.28 
2-Apr-09, 1,982.88 
3-Apr-09, 2,028.59 
7-Apr-09, 2,051.69 
8-Apr-09, 2,072.81 
13-Apr-09, 2,043.20 
14-Apr-09, 2,037.09 
15-Apr-09, 2,022.49 
16-Apr-09, 2,064.66 
17-Apr-09, 2,094.13 
20-Apr-09, 2,086.72 
21-Apr-09, 2,049.40 
22-Apr-09, 2,073.31 
23-Apr-09, 2,068.30 
24-Apr-09, 2,103.63 
27-Apr-09, 2,085.63 
28-Apr-09, 2,063.50 
29-Apr-09, 2,061.05 
30-Apr-09, 2,103.50 
4-May-09, 2,137.59 
5-May-09, 2,197.20 
6-May-09, 2,206.23 
7-May-09, 2,238.92 
8-May-09, 2,241.98 
11-May-09, 2,265.55 
12-May-09, 2,253.91 
13-May-09, 2,283.60 
14-May-09, 2,264.23 
15-May-09, 2,308.70 
18-May-09, 2,279.37 
19-May-09, 2,309.58 
20-May-09, 2,333.76 
21-May-09, 2,333.79 
22-May-09, 2,316.89 
25-May-09, 2,334.62 
26-May-09, 2,309.68 
27-May-09, 2,356.38 
28-May-09, 2,354.37 
29-May-09, 2,389.31 
1-Jun-09, 2,458.65 
2-Jun-09, 2,490.42 
3-Jun-09, 2,471.19 
4-Jun-09, 2,494.24 
5-Jun-09, 2,528.68 
8-Jun-09, 2,517.73 
9-Jun-09, 2,488.26 
10-Jun-09, 2,530.72 
11-Jun-09, 2,598.80 
15-Jun-09, 2,612.85 
16-Jun-09, 2,514.17 
17-Jun-09, 2,441.75 
18-Jun-09, 2,434.26 
19-Jun-09, 2,398.30 
22-Jun-09, 2,411.88 
23-Jun-09, 2,370.06 
24-Jun-09, 2,415.83 
25-Jun-09, 2,467.56 
26-Jun-09, 2,477.44 
29-Jun-09, 2,468.05 
30-Jun-09, 2,437.99 
1-Jul-09, 2,432.89 
2-Jul-09, 2,438.04 
3-Jul-09, 2,431.34 
6-Jul-09, 2,449.10 
7-Jul-09, 2,471.76 
8-Jul-09, 2,461.99 
9-Jul-09, 2,473.85 
10-Jul-09, 2,487.22 
13-Jul-09, 2,483.39 
14-Jul-09, 2,492.30 
15-Jul-09, 2,515.95 
16-Jul-09, 2,553.96 
20-Jul-09, 2,587.91 
21-Jul-09, 2,593.51 
22-Jul-09, 2,612.38 
23-Jul-09, 2,612.00 
24-Jul-09, 2,676.47 
27-Jul-09, 2,732.62 
28-Jul-09, 2,768.76 
29-Jul-09, 2,803.39 
30-Jul-09, 2,764.98 
31-Jul-09, 2,798.33 
3-Aug-09, 2,835.11 
4-Aug-09, 2,886.96 
6-Aug-09, 2,841.21 
7-Aug-09, 2,782.98 
10-Aug-09, 2,850.58 
11-Aug-09, 2,860.54 
12-Aug-09, 2,828.52 
13-Aug-09, 2,856.06 
14-Aug-09, 2,850.01 
17-Aug-09, 2,771.18 
18-Aug-09, 2,731.55 
19-Aug-09, 2,760.89 
20-Aug-09, 2,720.18 
24-Aug-09, 2,859.18 
25-Aug-09, 2,858.15 
26-Aug-09, 2,863.53 
27-Aug-09, 2,881.40 
28-Aug-09, 2,884.18 
1-Sep-09, 2,852.93 
2-Sep-09, 2,808.21 
3-Sep-09, 2,803.31 
4-Sep-09, 2,830.99 
8-Sep-09, 2,852.48 
9-Sep-09, 2,829.41 
10-Sep-09, 2,835.91 
11-Sep-09, 2,870.83 
14-Sep-09, 2,821.73 
15-Sep-09, 2,789.36 
16-Sep-09, 2,768.61 
17-Sep-09, 2,771.97 
18-Sep-09, 2,789.33 
22-Sep-09, 2,784.78 
23-Sep-09, 2,842.51 
24-Sep-09, 2,837.34 
25-Sep-09, 2,821.34 
28-Sep-09, 2,784.65 
29-Sep-09, 2,807.32 
30-Sep-09, 2,800.82 
1-Oct-09, 2,829.02 
2-Oct-09, 2,820.03 
5-Oct-09, 2,819.48 
6-Oct-09, 2,884.46 
7-Oct-09, 2,967.06 
8-Oct-09, 2,968.02 
9-Oct-09, 2,942.78 
12-Oct-09, 2,930.97 
13-Oct-09, 2,930.09 
14-Oct-09, 2,930.70 
15-Oct-09, 2,942.79 
16-Oct-09, 2,922.82 
19-Oct-09, 2,932.20 
20-Oct-09, 2,945.26 
21-Oct-09, 2,919.90 
22-Oct-09, 2,888.72 
23-Oct-09, 2,932.99 
26-Oct-09, 2,941.53 
27-Oct-09, 2,935.74 
28-Oct-09, 2,908.21 
29-Oct-09, 2,862.33 
30-Oct-09, 2,908.50 
3-Nov-09, 2,908.24 
4-Nov-09, 2,907.63 
5-Nov-09, 2,944.51 
6-Nov-09, 2,931.47 
9-Nov-09, 2,915.71 
10-Nov-09, 2,996.71 
11-Nov-09, 3,047.14 
12-Nov-09, 3,073.92 
13-Nov-09, 3,034.32 
16-Nov-09, 3,011.36 
17-Nov-09, 3,032.09 
18-Nov-09, 3,052.61 
19-Nov-09, 3,083.30 
20-Nov-09, 3,068.73 
23-Nov-09, 3,048.00 
24-Nov-09, 3,074.66 
25-Nov-09, 3,064.30 
26-Nov-09, 3,089.82 
27-Nov-09, 3,044.97 
1-Dec-09, 3,097.92 
2-Dec-09, 3,119.96 
3-Dec-09, 3,090.91 
4-Dec-09, 3,061.99 
7-Dec-09, 3,046.63 
8-Dec-09, 3,012.07 
9-Dec-09, 2,981.25 
10-Dec-09, 3,006.57 
11-Dec-09, 3,031.13 
14-Dec-09, 3,042.10 
15-Dec-09, 3,046.57 
16-Dec-09, 3,032.37 
17-Dec-09, 3,048.15 
18-Dec-09, 3,016.99 
21-Dec-09, 3,020.56 
22-Dec-09, 3,016.16 
23-Dec-09, 3,024.33 
28-Dec-09, 3,032.84 
29-Dec-09, 3,052.68 
4-Jan-10, 3,005.01 
5-Jan-10, 3,028.46 
6-Jan-10, 3,039.93 
7-Jan-10, 3,077.78 
8-Jan-10, 3,077.18 
11-Jan-10, 3,087.35 
12-Jan-10, 3,105.62 
13-Jan-10, 3,096.70 
14-Jan-10, 3,121.91 
15-Jan-10, 3,118.47 
18-Jan-10, 3,106.30 
19-Jan-10, 3,084.57 
20-Jan-10, 3,083.86 
21-Jan-10, 3,085.58 
22-Jan-10, 3,023.47 
25-Jan-10, 2,967.96 
26-Jan-10, 2,955.70 
27-Jan-10, 2,919.48 
28-Jan-10, 2,961.63 
29-Jan-10, 2,953.19 
1-Feb-10, 2,883.21 
2-Feb-10, 2,864.18 
3-Feb-10, 2,884.81 
4-Feb-10, 2,914.87 
5-Feb-10, 2,855.64 
8-Feb-10, 2,846.60 
9-Feb-10, 2,797.61 
10-Feb-10, 2,857.24 
11-Feb-10, 2,908.88 
12-Feb-10, 2,949.65 
15-Feb-10, 2,963.24 
16-Feb-10, 2,967.71 
17-Feb-10, 3,018.67 
18-Feb-10, 2,999.94 
19-Feb-10, 2,978.53 
22-Feb-10, 3,015.59 
23-Feb-10, 3,013.14 
24-Feb-10, 2,981.14 
25-Feb-10, 3,031.26 
26-Feb-10, 3,043.75 
1-Mar-10, 3,078.91 
2-Mar-10, 3,061.89 
3-Mar-10, 3,069.29 
4-Mar-10, 3,034.13 
5-Mar-10, 3,069.63 
8-Mar-10, 3,094.98 
9-Mar-10, 3,107.35 
10-Mar-10, 3,119.63 
11-Mar-10, 3,125.56 
12-Mar-10, 3,072.91 
15-Mar-10, 3,076.79 
16-Mar-10, 3,085.13 
17-Mar-10, 3,088.05 
18-Mar-10, 3,100.95 
19-Mar-10, 3,097.23 
22-Mar-10, 3,083.89 
23-Mar-10, 3,129.24 
24-Mar-10, 3,166.60 
25-Mar-10, 3,171.14 
26-Mar-10, 3,180.68 
29-Mar-10, 3,177.56 
30-Mar-10, 3,202.17 
31-Mar-10, 3,161.80 
5-Apr-10, 3,186.77 
6-Apr-10, 3,253.48 
7-Apr-10, 3,270.37 
8-Apr-10, 3,256.12 
12-Apr-10, 3,294.83 
13-Apr-10, 3,299.90 
14-Apr-10, 3,299.69 
15-Apr-10, 3,278.84 
16-Apr-10, 3,265.54 
19-Apr-10, 3,203.91 
20-Apr-10, 3,147.50 
21-Apr-10, 3,204.47 
22-Apr-10, 3,237.57 
23-Apr-10, 3,244.45 
26-Apr-10, 3,292.59 
27-Apr-10, 3,307.71 
28-Apr-10, 3,284.78 
29-Apr-10, 3,297.00 
30-Apr-10, 3,290.09 
4-May-10, 3,290.68 
5-May-10, 3,176.85 
6-May-10, 3,167.83 
7-May-10, 3,142.06 
11-May-10, 3,262.93 
12-May-10, 3,269.41 
13-May-10, 3,323.49 
14-May-10, 3,332.64 
17-May-10, 3,292.59 
18-May-10, 3,267.79 
19-May-10, 3,224.27 
20-May-10, 3,213.80 
21-May-10, 3,179.36 
24-May-10, 3,191.29 
25-May-10, 3,102.59 
26-May-10, 3,125.15 
27-May-10, 3,156.53 
28-May-10, 3,252.63 
31-May-10, 3,272.73 
1-Jun-10, 3,266.62 
2-Jun-10, 3,289.56 
3-Jun-10, 3,355.23 
4-Jun-10, 3,357.05 
7-Jun-10, 3,266.11 
8-Jun-10, 3,274.26 
9-Jun-10, 3,254.83 
10-Jun-10, 3,224.49 
11-Jun-10, 3,265.44 
15-Jun-10, 3,282.42 
16-Jun-10, 3,307.65 
17-Jun-10, 3,313.52 
18-Jun-10, 3,335.48 
21-Jun-10, 3,357.88 
22-Jun-10, 3,351.69 
23-Jun-10, 3,342.97 
24-Jun-10, 3,333.97 
25-Jun-10, 3,352.46 
28-Jun-10, 3,363.90 
29-Jun-10, 3,372.71 
1-Jul-10, 3,315.26 
2-Jul-10, 3,290.98 
5-Jul-10, 3,311.74 
6-Jul-10, 3,335.71 
7-Jul-10, 3,350.08 
8-Jul-10, 3,398.16 
9-Jul-10, 3,394.56 
12-Jul-10, 3,406.96 
13-Jul-10, 3,435.85 
14-Jul-10, 3,472.33 
15-Jul-10, 3,467.63 
16-Jul-10, 3,442.68 
19-Jul-10, 3,424.29 
20-Jul-10, 3,405.69 
21-Jul-10, 3,418.71 
22-Jul-10, 3,414.90 
23-Jul-10, 3,416.10 
26-Jul-10, 3,414.03 
27-Jul-10, 3,436.59 
28-Jul-10, 3,451.91 
29-Jul-10, 3,429.35 
30-Jul-10, 3,426.95 
2-Aug-10, 3,455.24 
3-Aug-10, 3,484.08 
4-Aug-10, 3,503.49 
5-Aug-10, 3,521.10 
6-Aug-10, 3,516.28 
9-Aug-10, 3,524.70 
10-Aug-10, 3,525.81 
11-Aug-10, 3,522.72 
12-Aug-10, 3,483.02 
13-Aug-10, 3,469.52 
16-Aug-10, 3,479.67 
17-Aug-10, 3,502.25 
18-Aug-10, 3,534.80 
19-Aug-10, 3,560.39 
20-Aug-10, 3,593.60 
23-Aug-10, 3,613.37 
24-Aug-10, 3,530.49 
25-Aug-10, 3,554.15 
26-Aug-10, 3,595.58 
27-Aug-10, 3,558.67 
31-Aug-10, 3,566.23 
1-Sep-10, 3,593.41 
2-Sep-10, 3,666.54 
3-Sep-10, 3,734.70 
6-Sep-10, 3,744.01 
7-Sep-10, 3,775.42 
8-Sep-10, 3,804.73 
9-Sep-10, 3,902.56 
13-Sep-10, 3,972.60 
14-Sep-10, 3,968.29 
15-Sep-10, 3,973.48 
16-Sep-10, 4,005.46 
17-Sep-10, 3,979.35 
20-Sep-10, 4,053.32 
21-Sep-10, 4,087.96 
22-Sep-10, 4,054.18 
23-Sep-10, 4,067.43 
24-Sep-10, 4,078.87 
27-Sep-10, 4,122.83 
28-Sep-10, 4,123.95 
29-Sep-10, 4,111.05 
30-Sep-10, 4,100.07 
1-Oct-10, 4,111.99 
4-Oct-10, 4,188.31 
5-Oct-10, 4,171.87 
6-Oct-10, 4,196.73 
7-Oct-10, 4,245.05 
8-Oct-10, 4,236.98 
11-Oct-10, 4,218.79 
12-Oct-10, 4,166.52 
13-Oct-10, 4,194.06 
14-Oct-10, 4,233.38 
15-Oct-10, 4,216.35 
18-Oct-10, 4,215.11 
19-Oct-10, 4,191.25 
20-Oct-10, 4,191.96 
21-Oct-10, 4,249.17 
22-Oct-10, 4,286.87 
26-Oct-10, 4,279.53 
27-Oct-10, 4,285.07 
28-Oct-10, 4,260.69 
29-Oct-10, 4,268.74 
2-Nov-10, 4,341.74 
3-Nov-10, 4,381.86 
4-Nov-10, 4,397.30 
5-Nov-10, 4,349.11 
8-Nov-10, 4,295.62 
9-Nov-10, 4,266.45 
10-Nov-10, 4,197.57 
11-Nov-10, 4,144.41 
12-Nov-10, 4,076.68 
15-Nov-10, 4,139.32 
17-Nov-10, 4,069.31 
18-Nov-10, 4,120.62 
19-Nov-10, 4,203.60 
22-Nov-10, 4,186.89 
23-Nov-10, 4,147.35 
24-Nov-10, 4,124.54 
25-Nov-10, 4,097.49 
26-Nov-10, 4,053.58 
30-Nov-10, 3,953.70 
1-Dec-10, 4,002.88 
2-Dec-10, 4,148.90 
3-Dec-10, 4,176.48 
6-Dec-10, 4,223.12 
7-Dec-10, 4,197.92 
8-Dec-10, 4,221.09 
9-Dec-10, 4,209.42 
10-Dec-10, 4,135.75 
13-Dec-10, 4,115.38 
14-Dec-10, 4,148.03 
15-Dec-10, 4,089.76 
16-Dec-10, 4,039.40 
17-Dec-10, 4,057.33 
20-Dec-10, 4,077.06 
21-Dec-10, 4,091.86 
22-Dec-10, 4,113.69 
23-Dec-10, 4,166.04 
28-Dec-10, 4,163.99 
29-Dec-10, 4,199.31 
30-Dec-10, 4,201.14 
3-Jan-11, 4,215.21 
4-Jan-11, 4,218.73 
5-Jan-11, 4,212.98 
6-Jan-11, 4,217.25 
7-Jan-11, 4,202.52 
10-Jan-11, 4,112.58 
11-Jan-11, 4,032.37 
12-Jan-11, 4,037.23 
13-Jan-11, 4,070.11 
14-Jan-11, 4,132.04 
17-Jan-11, 4,148.16 
18-Jan-11, 4,072.59 
19-Jan-11, 4,039.56 
20-Jan-11, 4,006.24 
21-Jan-11, 3,951.04 
24-Jan-11, 3,902.71 
25-Jan-11, 3,960.30 
26-Jan-11, 3,931.64 
27-Jan-11, 3,990.49 
28-Jan-11, 3,970.34 
31-Jan-11, 3,881.47 
1-Feb-11, 3,830.49 
2-Feb-11, 3,891.07 
3-Feb-11, 3,888.55 
4-Feb-11, 3,872.35 
7-Feb-11, 3,880.03 
8-Feb-11, 3,878.48 
9-Feb-11, 3,843.37 
10-Feb-11, 3,738.31 
11-Feb-11, 3,749.15 
14-Feb-11, 3,796.73 
15-Feb-11, 3,790.78 
16-Feb-11, 3,812.04 
17-Feb-11, 3,866.38 
18-Feb-11, 3,851.24 
21-Feb-11, 3,837.44 
22-Feb-11, 3,784.07 
23-Feb-11, 3,757.04 
24-Feb-11, 3,730.84 
25-Feb-11, 3,737.04 
28-Feb-11, 3,766.73 
1-Mar-11, 3,784.23 
2-Mar-11, 3,773.71 
3-Mar-11, 3,834.05 
4-Mar-11, 3,882.71 
7-Mar-11, 3,886.48 
8-Mar-11, 3,898.87 
9-Mar-11, 3,926.86 
10-Mar-11, 3,959.94 
11-Mar-11, 3,924.35 
14-Mar-11, 3,918.70 
15-Mar-11, 3,896.31 
16-Mar-11, 3,878.44 
17-Mar-11, 3,817.38 
18-Mar-11, 3,839.88 
21-Mar-11, 3,844.31 
22-Mar-11, 3,854.14 
23-Mar-11, 3,855.52 
24-Mar-11, 3,841.54 
25-Mar-11, 3,875.81 
28-Mar-11, 3,913.98 
29-Mar-11, 3,907.23 
30-Mar-11, 4,023.74 
31-Mar-11, 4,055.14 
1-Apr-11, 4,129.54 
4-Apr-11, 4,209.43 
5-Apr-11, 4,167.09 
6-Apr-11, 4,212.52 
7-Apr-11, 4,219.43 
8-Apr-11, 4,241.01 
11-Apr-11, 4,227.99 
12-Apr-11, 4,199.48 
13-Apr-11, 4,203.68 
14-Apr-11, 4,234.96 
15-Apr-11, 4,251.64 
18-Apr-11, 4,269.19 
19-Apr-11, 4,245.21 
20-Apr-11, 4,274.77 
25-Apr-11, 4,331.37 
26-Apr-11, 4,305.57 
27-Apr-11, 4,321.32 
28-Apr-11, 4,278.83 
29-Apr-11, 4,319.51 
2-May-11, 4,326.76 
3-May-11, 4,319.37 
4-May-11, 4,298.21 
5-May-11, 4,248.68 
6-May-11, 4,219.07 
9-May-11, 4,257.15 
10-May-11, 4,303.13 
11-May-11, 4,335.04 
12-May-11, 4,312.01 
13-May-11, 4,292.11 
16-May-11, 4,300.81 
17-May-11, 4,261.60 
18-May-11, 4,303.31 
19-May-11, 4,297.93 
20-May-11, 4,285.16 
23-May-11, 4,263.19 
24-May-11, 4,227.08 
25-May-11, 4,190.98 
26-May-11, 4,230.56 
27-May-11, 4,274.51 
30-May-11, 4,295.24 
31-May-11, 4,244.64 
1-Jun-11, 4,286.46 
2-Jun-11, 4,324.98 
3-Jun-11, 4,297.62 
6-Jun-11, 4,258.90 
7-Jun-11, 4,236.45 
8-Jun-11, 4,255.44 
9-Jun-11, 4,224.34 
10-Jun-11, 4,219.58 
13-Jun-11, 4,171.54 
14-Jun-11, 4,140.27 
15-Jun-11, 4,201.38 
16-Jun-11, 4,173.08 
17-Jun-11, 4,153.11 
21-Jun-11, 4,211.81 
22-Jun-11, 4,245.28 
23-Jun-11, 4,241.14 
24-Jun-11, 4,291.44 
27-Jun-11, 4,289.29 
28-Jun-11, 4,289.99 
29-Jun-11, 4,249.35 
30-Jun-11, 4,291.21 
1-Jul-11, 4,351.63 
4-Jul-11, 4,421.56 
5-Jul-11, 4,439.61 
6-Jul-11, 4,398.75 
7-Jul-11, 4,375.85 
8-Jul-11, 4,391.46 
11-Jul-11, 4,375.86 
12-Jul-11, 4,350.09 
13-Jul-11, 4,404.00 
14-Jul-11, 4,423.55 
15-Jul-11, 4,458.74 
18-Jul-11, 4,476.01 
19-Jul-11, 4,485.65 
20-Jul-11, 4,507.04 
21-Jul-11, 4,480.01 
22-Jul-11, 4,478.36 
25-Jul-11, 4,480.50 
26-Jul-11, 4,465.87 
27-Jul-11, 4,482.89 
28-Jul-11, 4,482.80 
29-Jul-11, 4,503.63 
1-Aug-11, 4,550.53 
2-Aug-11, 4,541.23 
3-Aug-11, 4,488.45 
4-Aug-11, 4,501.53 
5-Aug-11, 4,437.55 
8-Aug-11, 4,331.24 
9-Aug-11, 4,157.03 
10-Aug-11, 4,290.14 
11-Aug-11, 4,311.02 
12-Aug-11, 4,321.73 
15-Aug-11, 4,332.63 
16-Aug-11, 4,372.70 
17-Aug-11, 4,340.27 
18-Aug-11, 4,403.54 
19-Aug-11, 4,339.90 
22-Aug-11, 4,291.11 
23-Aug-11, 4,375.39 
24-Aug-11, 4,366.45 
25-Aug-11, 4,342.69 
26-Aug-11, 4,305.56 
31-Aug-11, 4,348.50 
1-Sep-11, 4,366.59 
2-Sep-11, 4,392.91 
5-Sep-11, 4,382.56 
6-Sep-11, 4,303.08 
7-Sep-11, 4,315.21 
8-Sep-11, 4,356.73 
9-Sep-11, 4,346.07 
12-Sep-11, 4,297.85 
13-Sep-11, 4,292.91 
14-Sep-11, 4,258.86 
15-Sep-11, 4,291.40 
16-Sep-11, 4,290.17 
19-Sep-11, 4,307.99 
20-Sep-11, 4,219.82 
21-Sep-11, 4,204.29 
22-Sep-11, 4,096.10 
23-Sep-11, 3,885.96 
26-Sep-11, 3,721.22 
28-Sep-11, 3,876.12 
29-Sep-11, 3,877.63 
30-Sep-11, 3,999.65 
3-Oct-11, 3,865.83 
4-Oct-11, 3,829.92 
5-Oct-11, 3,823.13 
6-Oct-11, 3,890.52 
7-Oct-11, 4,009.26 
10-Oct-11, 4,040.58 
11-Oct-11, 4,109.27 
12-Oct-11, 4,119.71 
13-Oct-11, 4,134.48 
14-Oct-11, 4,153.40 
17-Oct-11, 4,214.45 
18-Oct-11, 4,157.26 
19-Oct-11, 4,193.55 
20-Oct-11, 4,170.57 
21-Oct-11, 4,166.60 
24-Oct-11, 4,201.08 
25-Oct-11, 4,242.52 
26-Oct-11, 4,224.76 
27-Oct-11, 4,267.50 
28-Oct-11, 4,333.72 
2-Nov-11, 4,260.41 
3-Nov-11, 4,210.25 
4-Nov-11, 4,271.72 
8-Nov-11, 4,314.67 
9-Nov-11, 4,346.20 
10-Nov-11, 4,285.06 
11-Nov-11, 4,312.96 
14-Nov-11, 4,356.87 
15-Nov-11, 4,363.73 
16-Nov-11, 4,341.62 
17-Nov-11, 4,334.66 
18-Nov-11, 4,302.43 
21-Nov-11, 4,299.47 
22-Nov-11, 4,289.75 
23-Nov-11, 4,271.59 
24-Nov-11, 4,237.65 
25-Nov-11, 4,261.59 
28-Nov-11, 4,227.88 
29-Nov-11, 4,211.04 
1-Dec-11, 4,290.59 
2-Dec-11, 4,290.92 
5-Dec-11, 4,291.72 
6-Dec-11, 4,282.77 
7-Dec-11, 4,315.17 
8-Dec-11, 4,312.89 
9-Dec-11, 4,292.50 
12-Dec-11, 4,276.34 
13-Dec-11, 4,282.62 
14-Dec-11, 4,285.93 
15-Dec-11, 4,282.67 
16-Dec-11, 4,304.94 
19-Dec-11, 4,318.12 
20-Dec-11, 4,342.18 
21-Dec-11, 4,368.88 
22-Dec-11, 4,370.46 
23-Dec-11, 4,372.24 
26-Dec-11, 4,387.06 
27-Dec-11, 4,361.43 
28-Dec-11, 4,336.63 
29-Dec-11, 4,371.96 
2-Jan-12, 4,397.08 
3-Jan-12, 4,422.22 
4-Jan-12, 4,487.77 
5-Jan-12, 4,518.91 
6-Jan-12, 4,483.36 
9-Jan-12, 4,541.60 
10-Jan-12, 4,561.08 
11-Jan-12, 4,645.86 
12-Jan-12, 4,648.11 
13-Jan-12, 4,613.83 
16-Jan-12, 4,578.92 
17-Jan-12, 4,642.76 
18-Jan-12, 4,677.62 
19-Jan-12, 4,700.37 
20-Jan-12, 4,747.90 
24-Jan-12, 4,714.35 
25-Jan-12, 4,670.49 
26-Jan-12, 4,611.68 
27-Jan-12, 4,679.89 
30-Jan-12, 4,644.49 
31-Jan-12, 4,682.44 
1-Feb-12, 4,715.64 
2-Feb-12, 4,822.08 
3-Feb-12, 4,758.57 
6-Feb-12, 4,816.33 
7-Feb-12, 4,755.98 
8-Feb-12, 4,805.80 
9-Feb-12, 4,769.62 
10-Feb-12, 4,783.52 
13-Feb-12, 4,802.03 
14-Feb-12, 4,775.93 
15-Feb-12, 4,772.47 
16-Feb-12, 4,766.57 
17-Feb-12, 4,880.71 
20-Feb-12, 4,943.84 
21-Feb-12, 4,900.94 
22-Feb-12, 4,934.29 
23-Feb-12, 4,893.48 
24-Feb-12, 4,893.00 
27-Feb-12, 4,799.29 
28-Feb-12, 4,820.43 
29-Feb-12, 4,897.65 
1-Mar-12, 4,938.61 
2-Mar-12, 5,016.30 
5-Mar-12, 5,030.58 
6-Mar-12, 4,967.39 
7-Mar-12, 4,921.36 
8-Mar-12, 4,956.19 
9-Mar-12, 4,980.71 
12-Mar-12, 4,975.17 
13-Mar-12, 5,005.75 
14-Mar-12, 5,050.99 
15-Mar-12, 5,031.78 
16-Mar-12, 5,145.89 
19-Mar-12, 5,127.00 
20-Mar-12, 5,102.24 
21-Mar-12, 5,037.94 
22-Mar-12, 5,043.52 
23-Mar-12, 5,042.44 
26-Mar-12, 5,029.63 
27-Mar-12, 5,078.10 
28-Mar-12, 5,067.66 
29-Mar-12, 5,085.24 
30-Mar-12, 5,107.73 
2-Apr-12, 5,110.86 
3-Apr-12, 5,056.48 
4-Apr-12, 5,038.92 
10-Apr-12, 5,022.29 
11-Apr-12, 5,017.44 
12-Apr-12, 5,046.78 
13-Apr-12, 5,097.30 
16-Apr-12, 5,117.46 
17-Apr-12, 5,157.28 
18-Apr-12, 5,186.20 
19-Apr-12, 5,173.28 
20-Apr-12, 5,156.46 
23-Apr-12, 5,163.09 
24-Apr-12, 5,169.60 
25-Apr-12, 5,204.84 
26-Apr-12, 5,218.97 
27-Apr-12, 5,169.05 
30-Apr-12, 5,202.70 
2-May-12, 5,228.84 
3-May-12, 5,300.41 
4-May-12, 5,297.55 
7-May-12, 5,229.53 
8-May-12, 5,242.06 
9-May-12, 5,214.79 
10-May-12, 5,192.10 
11-May-12, 5,158.14 
14-May-12, 5,083.62 
15-May-12, 4,977.45 
16-May-12, 4,864.23 
17-May-12, 5,017.02 
18-May-12, 4,879.42 
21-May-12, 4,954.00 
22-May-12, 4,958.43 
23-May-12, 4,928.53 
24-May-12, 4,904.22 
25-May-12, 4,925.97 
28-May-12, 4,952.74 
29-May-12, 5,023.11 
30-May-12, 5,018.32 
31-May-12, 5,091.23 
1-Jun-12, 5,062.44 
4-Jun-12, 4,890.20 
5-Jun-12, 4,925.67 
6-Jun-12, 4,966.58 
7-Jun-12, 5,022.95 
8-Jun-12, 4,994.07 
11-Jun-12, 5,075.85 
13-Jun-12, 5,109.61 
14-Jun-12, 5,020.85 
15-Jun-12, 4,930.63 
18-Jun-12, 5,050.41 
19-Jun-12, 5,081.61 
20-Jun-12, 5,146.46 
21-Jun-12, 5,109.43 
22-Jun-12, 5,120.07 
25-Jun-12, 5,167.20 
26-Jun-12, 5,193.84 
27-Jun-12, 5,257.92 
28-Jun-12, 5,256.15 
29-Jun-12, 5,246.41 
2-Jul-12, 5,300.24 
3-Jul-12, 5,365.70 
4-Jul-12, 5,354.72 
5-Jul-12, 5,369.98 
6-Jul-12, 5,362.68 
9-Jul-12, 5,263.74 
10-Jul-12, 5,240.28 
11-Jul-12, 5,235.44 
12-Jul-12, 5,205.19 
13-Jul-12, 5,214.52 
16-Jul-12, 5,297.99 
17-Jul-12, 5,285.12 
18-Jul-12, 5,220.55 
19-Jul-12, 5,189.37 
20-Jul-12, 5,210.89 
23-Jul-12, 5,139.40 
24-Jul-12, 5,159.74 
25-Jul-12, 5,161.80 
26-Jul-12, 5,152.56 
27-Jul-12, 5,219.55 
30-Jul-12, 5,277.90 
31-Jul-12, 5,307.66 
1-Aug-12, 5,298.72 
2-Aug-12, 5,293.40 
3-Aug-12, 5,285.91 
6-Aug-12, 5,284.16 
8-Aug-12, 5,308.67 
9-Aug-12, 5,256.61 
10-Aug-12, 5,263.35 
13-Aug-12, 5,271.78 
14-Aug-12, 5,265.94 
15-Aug-12, 5,266.66 
16-Aug-12, 5,219.51 
17-Aug-12, 5,206.81 
22-Aug-12, 5,152.15 
23-Aug-12, 5,202.84 
24-Aug-12, 5,143.35 
28-Aug-12, 5,175.62 
29-Aug-12, 5,195.72 
30-Aug-12, 5,149.31 
31-Aug-12, 5,196.19 
3-Sep-12, 5,219.08 
4-Sep-12, 5,175.87 
5-Sep-12, 5,150.81 
6-Sep-12, 5,150.11 
7-Sep-12, 5,201.32 
10-Sep-12, 5,190.81 
11-Sep-12, 5,186.05 
12-Sep-12, 5,207.10 
13-Sep-12, 5,240.50 
14-Sep-12, 5,322.47 
17-Sep-12, 5,350.90 
18-Sep-12, 5,331.13 
19-Sep-12, 5,317.03 
20-Sep-12, 5,294.97 
21-Sep-12, 5,292.06 
24-Sep-12, 5,325.60 
25-Sep-12, 5,325.17 
26-Sep-12, 5,292.63 
27-Sep-12, 5,301.49 
28-Sep-12, 5,346.10 
1-Oct-12, 5,308.52 
2-Oct-12, 5,348.68 
3-Oct-12, 5,375.52 
4-Oct-12, 5,443.74 
5-Oct-12, 5,439.84 
8-Oct-12, 5,434.13 
9-Oct-12, 5,394.90 
10-Oct-12, 5,369.60 
11-Oct-12, 5,353.47 
12-Oct-12, 5,369.72 
15-Oct-12, 5,383.22 
16-Oct-12, 5,399.94 
17-Oct-12, 5,438.38 
18-Oct-12, 5,435.94 
19-Oct-12, 5,432.36 
22-Oct-12, 5,424.79 
23-Oct-12, 5,432.32 
24-Oct-12, 5,398.69 
25-Oct-12, 5,405.16 
29-Oct-12, 5,397.42 
30-Oct-12, 5,426.67 
31-Oct-12, 5,424.51 
5-Nov-12, 5,457.82 
6-Nov-12, 5,473.61 
7-Nov-12, 5,437.29 
8-Nov-12, 5,446.71 
9-Nov-12, 5,468.79 
12-Nov-12, 5,470.70 
13-Nov-12, 5,455.92 
14-Nov-12, 5,451.09 
15-Nov-12, 5,414.82 
16-Nov-12, 5,439.28 
19-Nov-12, 5,449.55 
20-Nov-12, 5,500.58 
21-Nov-12, 5,534.18 
22-Nov-12, 5,513.37 
23-Nov-12, 5,552.34 
26-Nov-12, 5,579.42 
27-Nov-12, 5,586.45 
28-Nov-12, 5,633.72 
29-Nov-12, 5,640.45 
3-Dec-12, 5,672.70 
4-Dec-12, 5,706.28 
5-Dec-12, 5,687.72 
6-Dec-12, 5,763.64 
7-Dec-12, 5,794.20 
10-Dec-12, 5,757.54 
11-Dec-12, 5,831.50 
12-Dec-12, 5,819.79 
13-Dec-12, 5,787.95 
14-Dec-12, 5,707.11 
17-Dec-12, 5,623.85 
18-Dec-12, 5,636.59 
19-Dec-12, 5,752.39 
20-Dec-12, 5,797.74 
21-Dec-12, 5,823.94 
26-Dec-12, 5,832.83 
27-Dec-12, 5,794.89 
28-Dec-12, 5,812.73 
2-Jan-13, 5,860.99 
3-Jan-13, 5,934.05 
4-Jan-13, 5,971.45 
7-Jan-13, 6,044.91 
8-Jan-13, 6,048.90 
9-Jan-13, 6,091.18 
10-Jan-13, 6,018.57 
11-Jan-13, 6,051.75 
14-Jan-13, 6,093.90 
15-Jan-13, 6,087.67 
16-Jan-13, 6,047.52 
17-Jan-13, 6,072.18 
18-Jan-13, 6,139.21 
21-Jan-13, 6,171.70 
22-Jan-13, 6,104.90 
23-Jan-13, 6,092.53 
24-Jan-13, 6,117.27 
25-Jan-13, 6,167.64 
28-Jan-13, 6,192.42 
29-Jan-13, 6,234.73 
30-Jan-13, 6,271.23 
31-Jan-13, 6,242.74 
1-Feb-13, 6,318.61 
4-Feb-13, 6,435.98 
5-Feb-13, 6,470.49 
6-Feb-13, 6,431.35 
7-Feb-13, 6,459.99 
8-Feb-13, 6,458.67 
11-Feb-13, 6,458.01 
12-Feb-13, 6,459.93 
13-Feb-13, 6,527.99 
14-Feb-13, 6,513.41 
15-Feb-13, 6,521.64 
18-Feb-13, 6,565.23 
19-Feb-13, 6,620.72 
20-Feb-13, 6,648.57 
21-Feb-13, 6,667.41 
22-Feb-13, 6,665.06 
25-Feb-13, 6,721.33 
26-Feb-13, 6,630.67 
27-Feb-13, 6,616.27 
28-Feb-13, 6,721.45 
1-Mar-13, 6,642.27 
4-Mar-13, 6,637.56 
5-Mar-13, 6,711.72 
6-Mar-13, 6,835.21 
7-Mar-13, 6,725.13 
8-Mar-13, 6,833.77 
11-Mar-13, 6,813.95 
12-Mar-13, 6,786.42 
13-Mar-13, 6,776.56 
14-Mar-13, 6,694.71 
15-Mar-13, 6,654.60 
18-Mar-13, 6,536.18 
19-Mar-13, 6,426.25 
20-Mar-13, 6,419.62 
21-Mar-13, 6,472.98 
22-Mar-13, 6,518.71 
25-Mar-13, 6,597.59 
26-Mar-13, 6,665.12 
27-Mar-13, 6,847.47 
1-Apr-13, 6,839.59 
2-Apr-13, 6,748.43 
3-Apr-13, 6,815.30 
4-Apr-13, 6,783.72 
5-Apr-13, 6,727.14 
8-Apr-13, 6,732.22 
10-Apr-13, 6,815.84 
11-Apr-13, 6,831.74 
12-Apr-13, 6,891.43 
15-Apr-13, 6,837.77 
16-Apr-13, 6,786.33 
17-Apr-13, 6,850.26 
18-Apr-13, 6,857.48 
19-Apr-13, 6,957.10 
22-Apr-13, 7,120.48 
23-Apr-13, 6,982.36 
24-Apr-13, 6,972.69 
25-Apr-13, 6,995.46 
26-Apr-13, 7,025.44 
29-Apr-13, 7,028.35 
30-Apr-13, 7,070.99 
2-May-13, 7,093.42 
3-May-13, 7,215.35 
6-May-13, 7,170.65 
7-May-13, 7,146.12 
8-May-13, 7,181.30 
9-May-13, 7,194.43 
10-May-13, 7,262.38 
14-May-13, 7,313.46 
15-May-13, 7,392.20 
16-May-13, 7,310.94 
17-May-13, 7,279.87 
20-May-13, 7,275.38 
21-May-13, 7,327.58 
22-May-13, 7,385.07 
23-May-13, 7,314.38 
24-May-13, 7,268.91 
27-May-13, 7,097.51 
28-May-13, 7,113.22 
29-May-13, 7,228.57 
30-May-13, 6,953.35 
31-May-13, 7,021.95 
3-Jun-13, 6,763.38 
4-Jun-13, 6,673.47 
5-Jun-13, 6,557.89 
6-Jun-13, 6,609.01 
7-Jun-13, 6,701.95 
10-Jun-13, 6,875.60 
11-Jun-13, 6,556.65 
13-Jun-13, 6,114.08 
14-Jun-13, 6,242.26 
17-Jun-13, 6,339.41 
18-Jun-13, 6,518.77 
19-Jun-13, 6,513.20 
20-Jun-13, 6,326.67 
21-Jun-13, 6,182.17 
24-Jun-13, 5,971.05 
25-Jun-13, 5,789.06 
26-Jun-13, 6,118.94 
27-Jun-13, 6,328.00 
28-Jun-13, 6,465.28 
1-Jul-13, 6,526.62 
2-Jul-13, 6,448.18 
3-Jul-13, 6,480.12 
4-Jul-13, 6,464.26 
5-Jul-13, 6,500.48 
8-Jul-13, 6,318.91 
9-Jul-13, 6,327.02 
10-Jul-13, 6,308.18 
11-Jul-13, 6,407.36 
12-Jul-13, 6,574.21 
15-Jul-13, 6,619.95 
16-Jul-13, 6,583.55 
17-Jul-13, 6,574.72 
18-Jul-13, 6,648.35 
19-Jul-13, 6,621.02 
22-Jul-13, 6,627.36 
23-Jul-13, 6,743.21 
24-Jul-13, 6,804.16 
25-Jul-13, 6,800.11 
26-Jul-13, 6,763.62 
29-Jul-13, 6,717.66 
30-Jul-13, 6,728.00 
31-Jul-13, 6,639.12 
1-Aug-13, 6,661.44 
2-Aug-13, 6,533.95 
5-Aug-13, 6,509.73 
6-Aug-13, 6,420.78 
7-Aug-13, 6,420.79 
8-Aug-13, 6,404.23 
12-Aug-13, 6,443.81 
13-Aug-13, 6,554.62 
14-Aug-13, 6,656.61 
15-Aug-13, 6,580.71 
16-Aug-13, 6,525.95 
22-Aug-13, 6,136.73 
23-Aug-13, 6,161.21 
27-Aug-13, 5,916.99 
28-Aug-13, 5,738.06 
29-Aug-13, 5,944.21 
30-Aug-13, 6,075.17 
2-Sep-13, 6,061.80 
3-Sep-13, 6,083.91 
4-Sep-13, 5,968.33 
5-Sep-13, 5,959.22 
6-Sep-13, 5,974.62 
9-Sep-13, 5,997.04 
10-Sep-13, 6,089.72 
11-Sep-13, 6,214.90 
12-Sep-13, 6,195.61 
13-Sep-13, 6,133.24 
16-Sep-13, 6,302.71 
17-Sep-13, 6,344.14 
18-Sep-13, 6,333.96 
19-Sep-13, 6,511.70 
20-Sep-13, 6,424.45 
23-Sep-13, 6,477.94 
24-Sep-13, 6,461.38 
25-Sep-13, 6,420.42 
26-Sep-13, 6,407.46 
27-Sep-13, 6,379.81 
30-Sep-13, 6,191.80 
1-Oct-13, 6,197.84 
2-Oct-13, 6,362.26 
3-Oct-13, 6,387.65 
4-Oct-13, 6,390.48 
7-Oct-13, 6,443.21 
8-Oct-13, 6,454.86 
9-Oct-13, 6,377.75 
10-Oct-13, 6,435.97 
11-Oct-13, 6,489.80 
14-Oct-13, 6,442.70 
16-Oct-13, 6,483.57 
17-Oct-13, 6,560.88 
18-Oct-13, 6,607.83 
21-Oct-13, 6,597.56 
22-Oct-13, 6,603.60 
23-Oct-13, 6,635.11 
24-Oct-13, 6,583.77 
25-Oct-13, 6,539.81 
29-Oct-13, 6,543.46 
30-Oct-13, 6,597.21 
31-Oct-13, 6,585.38 
4-Nov-13, 6,543.39 
5-Nov-13, 6,519.58 
6-Nov-13, 6,477.30 
7-Nov-13, 6,436.49 
8-Nov-13, 6,355.18 
11-Nov-13, 6,265.23 
12-Nov-13, 6,324.17 
13-Nov-13, 6,320.96 
14-Nov-13, 6,327.88 
15-Nov-13, 6,346.40 
18-Nov-13, 6,343.25 
19-Nov-13, 6,267.85 
20-Nov-13, 6,155.34 
21-Nov-13, 6,122.89 
22-Nov-13, 6,084.84 
25-Nov-13, 6,004.26 
26-Nov-13, 6,025.37 
27-Nov-13, 6,053.87 
28-Nov-13, 6,169.96 
29-Nov-13, 6,208.82 
2-Dec-13, 6,223.37 
3-Dec-13, 6,179.50 
4-Dec-13, 6,105.23 
5-Dec-13, 6,030.95 
6-Dec-13, 6,014.94 
9-Dec-13, 6,008.94 
10-Dec-13, 5,886.40 
11-Dec-13, 5,888.74 
12-Dec-13, 5,762.53 
13-Dec-13, 5,767.13 
16-Dec-13, 5,812.54 
17-Dec-13, 5,928.99 
18-Dec-13, 5,961.55 
19-Dec-13, 5,923.12 
20-Dec-13, 5,835.13 
23-Dec-13, 5,854.88 
26-Dec-13, 5,878.32 
27-Dec-13, 5,889.83 
2-Jan-14, 5,984.26 
3-Jan-14, 5,947.93 
6-Jan-14, 5,985.81 
7-Jan-14, 5,947.44 
8-Jan-14, 5,986.48 
9-Jan-14, 5,937.51 
10-Jan-14, 5,842.88 
13-Jan-14, 5,940.67 
14-Jan-14, 5,935.56 
15-Jan-14, 5,958.12 
16-Jan-14, 5,982.24 
17-Jan-14, 5,987.09 
20-Jan-14, 6,005.60 
21-Jan-14, 6,019.24 
22-Jan-14, 6,139.86 
23-Jan-14, 6,170.05 
24-Jan-14, 6,191.50 
27-Jan-14, 6,081.61 
28-Jan-14, 6,022.81 
29-Jan-14, 6,069.84 
30-Jan-14, 6,041.19 
3-Feb-14, 6,015.30 
4-Feb-14, 5,886.01 
5-Feb-14, 5,908.41 
6-Feb-14, 5,914.59 
7-Feb-14, 6,011.14 
10-Feb-14, 6,042.25 
11-Feb-14, 6,106.03 
12-Feb-14, 6,112.31 
13-Feb-14, 6,101.72 
14-Feb-14, 6,113.66 
17-Feb-14, 6,167.82 
18-Feb-14, 6,193.97 
19-Feb-14, 6,294.62 
20-Feb-14, 6,352.76 
21-Feb-14, 6,308.36 
24-Feb-14, 6,296.32 
25-Feb-14, 6,295.55 
26-Feb-14, 6,322.60 
27-Feb-14, 6,354.79 
28-Feb-14, 6,424.99 
3-Mar-14, 6,407.52 
4-Mar-14, 6,394.60 
5-Mar-14, 6,456.14 
6-Mar-14, 6,516.82 
7-Mar-14, 6,481.83 
10-Mar-14, 6,487.23 
11-Mar-14, 6,529.58 
12-Mar-14, 6,462.47 
13-Mar-14, 6,429.79 
14-Mar-14, 6,391.24 
17-Mar-14, 6,399.99 
18-Mar-14, 6,466.55 
19-Mar-14, 6,462.49 
20-Mar-14, 6,417.35 
21-Mar-14, 6,339.26 
24-Mar-14, 6,400.67 
25-Mar-14, 6,336.34 
26-Mar-14, 6,348.50 
27-Mar-14, 6,315.69 
28-Mar-14, 6,359.62 
31-Mar-14, 6,428.71 
1-Apr-14, 6,514.72 
2-Apr-14, 6,587.72 
3-Apr-14, 6,587.08 
4-Apr-14, 6,561.20 
7-Apr-14, 6,614.40 
8-Apr-14, 6,587.49 
10-Apr-14, 6,638.89 
11-Apr-14, 6,596.96 
14-Apr-14, 6,589.55 
15-Apr-14, 6,621.66 
16-Apr-14, 6,671.18 
21-Apr-14, 6,767.51 
22-Apr-14, 6,784.95 
23-Apr-14, 6,769.52 
24-Apr-14, 6,731.33 
25-Apr-14, 6,685.10 
28-Apr-14, 6,604.35 
29-Apr-14, 6,636.45 
30-Apr-14, 6,707.91 
2-May-14, 6,742.97 
5-May-14, 6,766.46 
6-May-14, 6,765.93 
7-May-14, 6,748.51 
8-May-14, 6,765.21 
9-May-14, 6,847.26 
12-May-14, 6,811.34 
13-May-14, 6,852.81 
14-May-14, 6,880.44 
15-May-14, 6,849.33 
16-May-14, 6,817.71 
19-May-14, 6,870.90 
20-May-14, 6,882.73 
21-May-14, 6,762.38 
22-May-14, 6,830.58 
23-May-14, 6,811.33 
26-May-14, 6,790.42 
27-May-14, 6,780.26 
28-May-14, 6,787.88 
29-May-14, 6,676.67 
30-May-14, 6,647.65 
2-Jun-14, 6,710.40 
3-Jun-14, 6,800.84 
4-Jun-14, 6,766.57 
5-Jun-14, 6,772.44 
6-Jun-14, 6,762.62 
9-Jun-14, 6,802.73 
10-Jun-14, 6,777.98 
11-Jun-14, 6,809.18 
13-Jun-14, 6,784.95 
16-Jun-14, 6,758.45 
17-Jun-14, 6,704.93 
18-Jun-14, 6,703.13 
19-Jun-14, 6,699.39 
20-Jun-14, 6,730.96 
23-Jun-14, 6,761.99 
24-Jun-14, 6,793.07 
25-Jun-14, 6,834.68 
26-Jun-14, 6,892.18 
27-Jun-14, 6,842.15 
30-Jun-14, 6,844.31 
1-Jul-14, 6,826.61 
2-Jul-14, 6,850.60 
3-Jul-14, 6,899.31 
4-Jul-14, 6,962.28 
7-Jul-14, 6,999.10 
8-Jul-14, 6,948.52 
9-Jul-14, 6,903.79 
10-Jul-14, 6,937.21 
11-Jul-14, 6,901.09 
14-Jul-14, 6,830.37 
15-Jul-14, 6,834.04 
17-Jul-14, 6,867.36 
18-Jul-14, 6,853.07 
21-Jul-14, 6,874.88 
22-Jul-14, 6,869.94 
23-Jul-14, 6,892.92 
24-Jul-14, 6,889.89 
25-Jul-14, 6,889.55 
28-Jul-14, 6,850.47 
30-Jul-14, 6,867.59 
31-Jul-14, 6,864.82 
1-Aug-14, 6,894.23 
4-Aug-14, 6,998.37 
5-Aug-14, 6,974.00 
6-Aug-14, 6,948.97 
7-Aug-14, 6,955.21 
8-Aug-14, 6,880.34 
11-Aug-14, 6,956.66 
12-Aug-14, 6,983.49 
13-Aug-14, 6,986.24 
14-Aug-14, 7,061.00 
15-Aug-14, 7,008.51 
18-Aug-14, 7,027.58 
19-Aug-14, 7,082.75 
20-Aug-14, 7,096.49 
22-Aug-14, 7,133.09 
26-Aug-14, 7,146.35 
27-Aug-14, 7,160.46 
28-Aug-14, 7,100.70 
29-Aug-14, 7,050.89 
1-Sep-14, 7,083.49 
2-Sep-14, 7,106.56 
3-Sep-14, 7,206.02 
4-Sep-14, 7,204.11 
5-Sep-14, 7,263.58 
8-Sep-14, 7,314.94 
9-Sep-14, 7,253.67 
10-Sep-14, 7,212.78 
11-Sep-14, 7,202.06 
12-Sep-14, 7,201.88 
15-Sep-14, 7,161.27 
16-Sep-14, 7,180.34 
17-Sep-14, 7,231.84 
18-Sep-14, 7,287.29 
22-Sep-14, 7,279.86 
23-Sep-14, 7,271.62 
24-Sep-14, 7,355.29 
25-Sep-14, 7,294.21 
26-Sep-14, 7,261.30 
29-Sep-14, 7,265.36 
30-Sep-14, 7,283.07 
1-Oct-14, 7,268.06 
2-Oct-14, 7,196.26 
3-Oct-14, 7,247.03 
7-Oct-14, 7,239.38 
8-Oct-14, 7,185.68 
9-Oct-14, 7,201.89 
10-Oct-14, 7,167.35 
13-Oct-14, 6,968.09 
14-Oct-14, 6,946.06 
15-Oct-14, 6,991.19 
16-Oct-14, 7,028.58 
17-Oct-14, 7,003.22 
20-Oct-14, 7,057.53 
21-Oct-14, 7,068.03 
22-Oct-14, 7,154.22 
23-Oct-14, 7,116.13 
24-Oct-14, 7,103.55 
27-Oct-14, 7,103.54 
28-Oct-14, 7,066.74 
29-Oct-14, 7,093.31 
30-Oct-14, 7,170.99 
31-Oct-14, 7,215.73 
3-Nov-14, 7,312.85 
4-Nov-14, 7,222.01 
5-Nov-14, 7,208.81 
6-Nov-14, 7,236.63 
7-Nov-14, 7,205.72 
10-Nov-14, 7,192.12 
11-Nov-14, 7,204.55 
12-Nov-14, 7,232.87 
13-Nov-14, 7,198.63 
14-Nov-14, 7,217.34 
17-Nov-14, 7,229.72 
18-Nov-14, 7,275.66 
19-Nov-14, 7,269.49 
20-Nov-14, 7,268.95 
21-Nov-14, 7,276.18 
24-Nov-14, 7,325.13 
25-Nov-14, 7,286.85 
26-Nov-14, 7,356.59 
27-Nov-14, 7,265.34 
28-Nov-14, 7,294.38 
1-Dec-14, 7,331.73 
2-Dec-14, 7,344.23 
3-Dec-14, 7,360.75 
4-Dec-14, 7,299.85 
5-Dec-14, 7,230.56 
9-Dec-14, 7,183.87 
10-Dec-14, 7,175.08 
11-Dec-14, 7,072.10 
12-Dec-14, 7,224.21 
15-Dec-14, 7,275.62 
16-Dec-14, 7,160.38 
17-Dec-14, 6,966.21 
18-Dec-14, 7,029.28 
19-Dec-14, 7,125.63 
22-Dec-14, 7,139.27 
23-Dec-14, 7,186.32 
29-Dec-14, 7,230.57 
5-Jan-15, 7,276.63 
6-Jan-15, 7,277.74 
7-Jan-15, 7,309.70 
8-Jan-15, 7,367.63 
9-Jan-15, 7,402.72 
12-Jan-15, 7,358.36 
13-Jan-15, 7,399.00 
14-Jan-15, 7,490.88 
19-Jan-15, 7,485.32 
20-Jan-15, 7,452.81 
21-Jan-15, 7,474.10 
22-Jan-15, 7,416.31 
23-Jan-15, 7,548.93 
26-Jan-15, 7,586.67 
27-Jan-15, 7,630.57 
28-Jan-15, 7,661.18 
29-Jan-15, 7,617.30 
30-Jan-15, 7,689.91 
2-Feb-15, 7,630.71 
3-Feb-15, 7,613.15 
4-Feb-15, 7,716.06 
5-Feb-15, 7,674.24 
6-Feb-15, 7,728.18 
9-Feb-15, 7,782.57 
10-Feb-15, 7,723.14 
11-Feb-15, 7,686.43 
12-Feb-15, 7,714.59 
13-Feb-15, 7,773.45 
16-Feb-15, 7,784.65 
17-Feb-15, 7,793.40 
18-Feb-15, 7,803.45 
20-Feb-15, 7,825.39 
23-Feb-15, 7,826.07 
24-Feb-15, 7,834.86 
25-Feb-15, 7,844.06 
26-Feb-15, 7,764.39 
27-Feb-15, 7,730.57 
2-Mar-15, 7,773.92 
3-Mar-15, 7,776.51 
4-Mar-15, 7,847.83 
5-Mar-15, 7,819.04 
6-Mar-15, 7,861.33 
9-Mar-15, 7,820.29 
10-Mar-15, 7,828.48 
11-Mar-15, 7,790.70 
12-Mar-15, 7,839.82 
13-Mar-15, 7,809.54 
16-Mar-15, 7,730.95 
17-Mar-15, 7,789.10 
18-Mar-15, 7,756.58 
19-Mar-15, 7,814.55 
20-Mar-15, 7,818.38 
23-Mar-15, 7,840.49 
24-Mar-15, 7,828.94 
25-Mar-15, 7,836.34 
26-Mar-15, 7,871.10 
27-Mar-15, 7,877.96 
30-Mar-15, 7,899.41 
31-Mar-15, 7,940.49 
1-Apr-15, 7,993.09 
6-Apr-15, 8,053.74 
7-Apr-15, 8,098.68 
8-Apr-15, 8,052.69 
10-Apr-15, 8,127.48 
13-Apr-15, 8,073.25 
14-Apr-15, 8,056.49 
15-Apr-15, 7,906.46 
16-Apr-15, 7,948.20 
17-Apr-15, 7,946.89 
20-Apr-15, 7,865.27 
21-Apr-15, 7,846.94 
22-Apr-15, 7,833.03 
23-Apr-15, 7,892.05 
24-Apr-15, 7,947.25 
27-Apr-15, 7,958.07 
28-Apr-15, 7,886.57 
29-Apr-15, 7,825.47 
30-Apr-15, 7,714.82 
4-May-15, 7,816.44 
5-May-15, 7,919.21 
6-May-15, 7,873.64 
7-May-15, 7,816.27 
8-May-15, 7,763.21 
11-May-15, 7,777.90 
12-May-15, 7,794.55 
13-May-15, 7,808.35 
14-May-15, 7,831.44 
15-May-15, 7,881.95 
18-May-15, 7,910.43 
19-May-15, 7,871.31 
20-May-15, 7,881.93 
21-May-15, 7,835.38 
22-May-15, 7,810.17 
25-May-15, 7,761.53 
26-May-15, 7,728.50 
27-May-15, 7,598.70 
28-May-15, 7,505.03 
29-May-15, 7,580.46 
1-Jun-15, 7,670.37 
2-Jun-15, 7,551.96 
3-Jun-15, 7,561.67 
4-Jun-15, 7,553.65 
5-Jun-15, 7,526.70 
8-Jun-15, 7,484.89 
9-Jun-15, 7,323.44 
10-Jun-15, 7,384.27 
11-Jun-15, 7,503.72 
15-Jun-15, 7,456.16 
16-Jun-15, 7,505.48 
17-Jun-15, 7,536.31 
18-Jun-15, 7,606.86 
19-Jun-15, 7,601.17 
22-Jun-15, 7,609.14 
23-Jun-15, 7,551.56 
24-Jun-15, 7,643.33 
25-Jun-15, 7,581.91 
26-Jun-15, 7,622.05 
29-Jun-15, 7,567.38 
30-Jun-15, 7,564.50 
1-Jul-15, 7,575.15 
2-Jul-15, 7,578.31 
3-Jul-15, 7,535.30 
6-Jul-15, 7,455.15 
7-Jul-15, 7,442.65 
8-Jul-15, 7,363.43 
9-Jul-15, 7,377.69 
10-Jul-15, 7,392.59 
13-Jul-15, 7,496.33 
14-Jul-15, 7,538.76 
15-Jul-15, 7,559.04 
16-Jul-15, 7,617.13 
20-Jul-15, 7,541.17 
21-Jul-15, 7,627.96 
22-Jul-15, 7,635.62 
23-Jul-15, 7,653.22 
24-Jul-15, 7,665.52 
27-Jul-15, 7,547.44 
28-Jul-15, 7,479.03 
29-Jul-15, 7,482.83 
30-Jul-15, 7,510.39 
31-Jul-15, 7,550.00 
3-Aug-15, 7,573.26 
4-Aug-15, 7,598.29 
5-Aug-15, 7,662.55 
6-Aug-15, 7,589.95 
7-Aug-15, 7,532.52 
10-Aug-15, 7,534.35 
11-Aug-15, 7,570.45 
12-Aug-15, 7,495.43 
13-Aug-15, 7,439.80 
14-Aug-15, 7,408.44 
17-Aug-15, 7,336.84 
18-Aug-15, 7,333.45 
19-Aug-15, 7,344.73 
20-Aug-15, 7,278.98 
24-Aug-15, 6,791.01 
25-Aug-15, 6,830.34 
26-Aug-15, 6,867.92 
27-Aug-15, 7,022.09 
28-Aug-15, 7,098.81 
1-Sep-15, 7,086.86 
2-Sep-15, 7,072.46 
3-Sep-15, 7,098.76 
4-Sep-15, 7,051.78 
7-Sep-15, 6,926.82 
8-Sep-15, 6,891.30 
9-Sep-15, 6,942.47 
10-Sep-15, 6,893.54 
11-Sep-15, 6,911.38 
14-Sep-15, 7,069.18 
15-Sep-15, 7,089.01 
16-Sep-15, 7,093.92 
17-Sep-15, 7,123.99 
18-Sep-15, 7,131.91 
21-Sep-15, 7,092.41 
22-Sep-15, 7,051.23 
23-Sep-15, 6,926.91 
24-Sep-15, 6,917.55 
28-Sep-15, 6,815.59 
29-Sep-15, 6,859.29 
30-Sep-15, 6,893.98 
1-Oct-15, 6,890.94 
2-Oct-15, 6,850.61 
5-Oct-15, 6,961.93 
6-Oct-15, 7,055.49 
7-Oct-15, 7,108.80 
8-Oct-15, 7,106.79 
9-Oct-15, 7,138.91 
12-Oct-15, 7,150.29 
13-Oct-15, 7,013.44 
14-Oct-15, 6,924.77 
15-Oct-15, 7,045.40 
16-Oct-15, 7,055.74 
19-Oct-15, 7,054.86 
20-Oct-15, 7,060.85 
21-Oct-15, 7,092.90 
22-Oct-15, 7,117.78 
23-Oct-15, 7,236.38 
26-Oct-15, 7,324.40 
27-Oct-15, 7,325.76 
28-Oct-15, 7,289.26 
29-Oct-15, 7,189.25 
30-Oct-15, 7,134.26 
2-Nov-15, 7,198.85 
3-Nov-15, 7,210.73 
4-Nov-15, 7,201.02 
5-Nov-15, 7,122.45 
6-Nov-15, 7,118.20 
9-Nov-15, 7,070.19 
10-Nov-15, 7,000.11 
11-Nov-15, 6,983.72 
12-Nov-15, 6,909.82 
13-Nov-15, 6,897.77 
16-Nov-15, 6,772.92 
17-Nov-15, 6,825.38 
20-Nov-15, 6,932.81 
23-Nov-15, 6,996.19 
24-Nov-15, 6,992.60 
25-Nov-15, 7,059.14 
26-Nov-15, 7,063.25 
27-Nov-15, 6,927.07 
1-Dec-15, 7,060.60 
2-Dec-15, 7,047.08 
3-Dec-15, 6,994.10 
4-Dec-15, 6,921.93 
7-Dec-15, 6,911.86 
8-Dec-15, 6,838.42 
9-Dec-15, 6,848.25 
10-Dec-15, 6,820.60 
11-Dec-15, 6,735.01 
14-Dec-15, 6,745.99 
15-Dec-15, 6,701.35 
16-Dec-15, 6,807.72 
17-Dec-15, 6,905.70 
18-Dec-15, 6,867.07 
21-Dec-15, 6,910.34 
22-Dec-15, 6,966.18 
23-Dec-15, 7,002.42 
28-Dec-15, 6,983.61 
29-Dec-15, 6,952.08 
4-Jan-16, 6,833.42 
5-Jan-16, 6,835.13 
6-Jan-16, 6,813.90 
7-Jan-16, 6,618.88 
8-Jan-16, 6,575.43 
11-Jan-16, 6,288.26 
12-Jan-16, 6,330.55 
13-Jan-16, 6,494.13 
14-Jan-16, 6,408.76 
15-Jan-16, 6,449.50 
18-Jan-16, 6,335.09 
19-Jan-16, 6,357.05 
20-Jan-16, 6,259.61 
21-Jan-16, 6,084.28 
22-Jan-16, 6,208.05 
25-Jan-16, 6,434.08 
26-Jan-16, 6,311.60 
27-Jan-16, 6,507.22 
28-Jan-16, 6,563.38 
29-Jan-16, 6,687.62 
1-Feb-16, 6,701.36 
2-Feb-16, 6,642.45 
3-Feb-16, 6,521.48 
4-Feb-16, 6,652.83 
5-Feb-16, 6,765.13 
9-Feb-16, 6,637.43 
10-Feb-16, 6,637.48 
11-Feb-16, 6,663.43 
12-Feb-16, 6,654.45 
15-Feb-16, 6,692.58 
16-Feb-16, 6,743.95 
17-Feb-16, 6,756.82 
18-Feb-16, 6,848.87 
19-Feb-16, 6,792.06 
22-Feb-16, 6,783.08 
23-Feb-16, 6,819.34 
24-Feb-16, 6,769.26 
26-Feb-16, 6,771.30 
29-Feb-16, 6,671.04 
1-Mar-16, 6,729.53 
2-Mar-16, 6,882.45 
3-Mar-16, 6,963.44 
4-Mar-16, 6,899.07 
7-Mar-16, 6,892.69 
8-Mar-16, 6,915.51 
9-Mar-16, 6,948.18 
10-Mar-16, 7,048.08 
11-Mar-16, 7,098.64 
14-Mar-16, 7,112.89 
15-Mar-16, 7,148.26 
16-Mar-16, 7,065.39 
17-Mar-16, 7,210.90 
18-Mar-16, 7,306.74 
21-Mar-16, 7,376.41 
22-Mar-16, 7,342.03 
23-Mar-16, 7,360.05 
28-Mar-16, 7,334.52 
29-Mar-16, 7,274.40 
30-Mar-16, 7,299.23 
31-Mar-16, 7,262.30 
1-Apr-16, 7,245.13 
4-Apr-16, 7,254.53 
5-Apr-16, 7,219.23 
6-Apr-16, 7,180.55 
7-Apr-16, 7,232.97 
8-Apr-16, 7,247.20 
11-Apr-16, 7,291.43 
12-Apr-16, 7,306.56 
13-Apr-16, 7,341.00 
14-Apr-16, 7,357.28 
15-Apr-16, 7,321.30 
18-Apr-16, 7,243.40 
19-Apr-16, 7,215.09 
20-Apr-16, 7,201.37 
21-Apr-16, 7,257.85 
22-Apr-16, 7,255.39 
25-Apr-16, 7,250.13 
26-Apr-16, 7,211.92 
27-Apr-16, 7,180.53 
28-Apr-16, 7,162.56 
29-Apr-16, 7,159.29 
2-May-16, 7,053.88 
3-May-16, 7,046.57 
4-May-16, 7,081.86 
5-May-16, 6,999.75 
6-May-16, 6,991.87 
10-May-16, 7,174.88 
11-May-16, 7,396.52 
12-May-16, 7,325.04 
13-May-16, 7,436.79 
16-May-16, 7,511.74 
17-May-16, 7,524.84 
18-May-16, 7,534.30 
19-May-16, 7,427.33 
20-May-16, 7,299.03 
23-May-16, 7,306.69 
24-May-16, 7,356.72 
25-May-16, 7,463.95 
26-May-16, 7,376.38 
27-May-16, 7,411.68 
30-May-16, 7,464.34 
31-May-16, 7,401.60 
1-Jun-16, 7,500.79 
2-Jun-16, 7,464.59 
3-Jun-16, 7,514.22 
6-Jun-16, 7,598.22 
7-Jun-16, 7,710.54 
8-Jun-16, 7,722.79 
9-Jun-16, 7,536.65 
10-Jun-16, 7,509.94 
13-Jun-16, 7,554.40 
14-Jun-16, 7,460.12 
15-Jun-16, 7,501.65 
16-Jun-16, 7,564.47 
17-Jun-16, 7,622.07 
20-Jun-16, 7,665.33 
21-Jun-16, 7,767.23 
22-Jun-16, 7,756.37 
23-Jun-16, 7,729.78 
24-Jun-16, 7,629.72 
27-Jun-16, 7,715.90 
28-Jun-16, 7,666.69 
29-Jun-16, 7,798.53 
30-Jun-16, 7,796.25 
1-Jul-16, 7,830.35 
4-Jul-16, 7,846.54 
5-Jul-16, 7,808.13 
7-Jul-16, 7,753.46 
8-Jul-16, 7,771.52 
11-Jul-16, 7,865.27 
12-Jul-16, 7,937.95 
13-Jul-16, 7,944.02 
14-Jul-16, 7,956.14 
15-Jul-16, 8,030.06 
18-Jul-16, 7,986.25 
19-Jul-16, 8,036.01 
20-Jul-16, 8,051.97 
21-Jul-16, 8,102.30 
22-Jul-16, 8,025.35 
25-Jul-16, 8,049.13 
26-Jul-16, 8,024.54 
27-Jul-16, 8,100.48 
28-Jul-16, 8,024.98 
29-Jul-16, 7,963.11 
1-Aug-16, 8,069.81 
2-Aug-16, 8,037.78 
3-Aug-16, 7,888.44 
4-Aug-16, 7,978.57 
5-Aug-16, 7,970.35 
8-Aug-16, 7,993.58 
9-Aug-16, 8,055.06 
10-Aug-16, 8,051.40 
11-Aug-16, 7,981.35 
12-Aug-16, 7,955.86 
15-Aug-16, 7,960.17 
16-Aug-16, 7,983.38 
17-Aug-16, 7,946.19 
18-Aug-16, 7,952.81 
19-Aug-16, 7,930.75 
22-Aug-16, 7,981.21 
23-Aug-16, 7,935.18 
24-Aug-16, 7,866.13 
25-Aug-16, 7,854.54 
26-Aug-16, 7,845.49 
30-Aug-16, 7,794.93 
31-Aug-16, 7,787.37 
1-Sep-16, 7,773.31 
2-Sep-16, 7,807.42 
5-Sep-16, 7,764.05 
6-Sep-16, 7,719.18 
7-Sep-16, 7,619.10 
8-Sep-16, 7,667.07 
9-Sep-16, 7,581.79 
13-Sep-16, 7,550.27 
14-Sep-16, 7,546.01 
15-Sep-16, 7,708.42 
16-Sep-16, 7,553.76 
19-Sep-16, 7,575.84 
20-Sep-16, 7,671.72 
21-Sep-16, 7,675.42 
22-Sep-16, 7,762.35 
23-Sep-16, 7,723.60 
26-Sep-16, 7,632.46 
27-Sep-16, 7,557.34 
28-Sep-16, 7,586.96 
29-Sep-16, 7,714.86 
30-Sep-16, 7,629.73 
3-Oct-16, 7,677.73 
4-Oct-16, 7,719.24 
5-Oct-16, 7,639.79 
6-Oct-16, 7,620.16 
7-Oct-16, 7,578.29 
10-Oct-16, 7,534.71 
11-Oct-16, 7,520.82 
12-Oct-16, 7,429.82 
13-Oct-16, 7,312.18 
14-Oct-16, 7,389.30 
17-Oct-16, 7,358.21 
18-Oct-16, 7,571.15 
19-Oct-16, 7,721.57 
20-Oct-16, 7,713.32 
21-Oct-16, 7,650.22 
24-Oct-16, 7,609.31 
25-Oct-16, 7,580.22 
26-Oct-16, 7,494.41 
27-Oct-16, 7,445.14 
28-Oct-16, 7,404.80 
2-Nov-16, 7,252.40 
3-Nov-16, 7,160.91 
4-Nov-16, 7,227.37 
7-Nov-16, 7,197.19 
8-Nov-16, 7,307.80 
9-Nov-16, 7,119.04 
10-Nov-16, 7,181.87 
11-Nov-16, 6,975.09 
14-Nov-16, 6,871.48 
15-Nov-16, 6,857.15 
16-Nov-16, 6,966.28 
17-Nov-16, 7,050.12 
18-Nov-16, 7,067.73 
21-Nov-16, 6,979.06 
22-Nov-16, 6,802.73 
23-Nov-16, 6,836.64 
24-Nov-16, 6,873.31 
25-Nov-16, 6,889.78 
28-Nov-16, 6,825.40 
29-Nov-16, 6,781.20 
1-Dec-16, 6,864.87 
2-Dec-16, 6,886.74 
5-Dec-16, 6,776.41 
6-Dec-16, 6,806.14 
7-Dec-16, 6,866.81 
8-Dec-16, 7,022.38 
9-Dec-16, 7,043.16 
12-Dec-16, 6,868.89 
13-Dec-16, 6,880.91 
14-Dec-16, 6,928.34 
15-Dec-16, 6,855.31 
16-Dec-16, 6,850.71 
19-Dec-16, 6,714.13 
20-Dec-16, 6,658.66 
21-Dec-16, 6,686.36 
22-Dec-16, 6,587.17 
23-Dec-16, 6,563.67 
27-Dec-16, 6,658.20 
28-Dec-16, 6,846.44 
29-Dec-16, 6,840.64 
3-Jan-17, 6,861.31 
4-Jan-17, 7,030.95 
5-Jan-17, 7,209.44 
6-Jan-17, 7,248.20 
9-Jan-17, 7,276.34 
10-Jan-17, 7,364.34 
11-Jan-17, 7,321.82 
12-Jan-17, 7,264.55 
13-Jan-17, 7,238.52 
16-Jan-17, 7,238.45 
17-Jan-17, 7,123.33 
18-Jan-17, 7,156.36 
19-Jan-17, 7,246.08 
20-Jan-17, 7,232.66 
23-Jan-17, 7,374.35 
24-Jan-17, 7,370.65 
25-Jan-17, 7,323.36 
26-Jan-17, 7,332.64 
27-Jan-17, 7,333.67 
30-Jan-17, 7,336.71 
31-Jan-17, 7,229.66 
1-Feb-17, 7,227.45 
2-Feb-17, 7,225.91 
3-Feb-17, 7,226.70 
6-Feb-17, 7,294.40 
7-Feb-17, 7,262.64 
8-Feb-17, 7,234.82 
9-Feb-17, 7,252.66 
10-Feb-17, 7,235.21 
13-Feb-17, 7,294.67 
14-Feb-17, 7,206.84 
15-Feb-17, 7,174.30 
16-Feb-17, 7,283.25 
17-Feb-17, 7,244.79 
20-Feb-17, 7,281.19 
21-Feb-17, 7,282.68 
22-Feb-17, 7,304.45 
23-Feb-17, 7,335.56 
24-Feb-17, 7,258.99 
27-Feb-17, 7,232.47 
28-Feb-17, 7,212.09 
1-Mar-17, 7,170.70 
2-Mar-17, 7,234.94 
3-Mar-17, 7,247.12 
6-Mar-17, 7,313.87 
7-Mar-17, 7,294.52 
8-Mar-17, 7,294.56 
9-Mar-17, 7,295.45 
10-Mar-17, 7,146.27 
13-Mar-17, 7,233.09 
14-Mar-17, 7,261.75 
15-Mar-17, 7,253.79 
16-Mar-17, 7,278.60 
17-Mar-17, 7,345.02 
20-Mar-17, 7,316.57 
21-Mar-17, 7,323.31 
22-Mar-17, 7,254.93 
23-Mar-17, 7,301.03 
24-Mar-17, 7,269.62 
27-Mar-17, 7,245.97 
28-Mar-17, 7,331.46 
29-Mar-17, 7,324.00 
30-Mar-17, 7,332.59 
31-Mar-17, 7,311.72 
3-Apr-17, 7,341.65 
4-Apr-17, 7,446.49 
5-Apr-17, 7,584.21 
6-Apr-17, 7,565.32 
7-Apr-17, 7,583.75 
10-Apr-17, 7,617.91 
11-Apr-17, 7,601.40 
12-Apr-17, 7,629.64 
17-Apr-17, 7,588.53 
18-Apr-17, 7,588.98 
19-Apr-17, 7,522.98 
20-Apr-17, 7,563.45 
21-Apr-17, 7,578.16 
24-Apr-17, 7,588.88 
25-Apr-17, 7,700.46 
26-Apr-17, 7,726.45 
27-Apr-17, 7,661.01 
2-May-17, 7,703.10 
3-May-17, 7,682.26 
4-May-17, 7,755.75 
5-May-17, 7,841.99 
8-May-17, 7,962.33 
9-May-17, 7,923.50 
10-May-17, 7,794.17 
11-May-17, 7,816.40 
12-May-17, 7,815.53 
15-May-17, 7,772.93 
16-May-17, 7,791.07 
17-May-17, 7,826.53 
18-May-17, 7,757.69 
19-May-17, 7,767.62 
22-May-17, 7,806.57 
23-May-17, 7,812.14 
24-May-17, 7,837.82 
25-May-17, 7,871.65 
26-May-17, 7,867.49 
29-May-17, 7,886.03 
30-May-17, 7,860.77 
31-May-17, 7,837.12 
1-Jun-17, 7,927.49 
2-Jun-17, 7,907.66 
5-Jun-17, 8,001.38 
6-Jun-17, 7,953.12 
7-Jun-17, 8,002.32 
8-Jun-17, 7,958.63 
9-Jun-17, 7,990.24 
13-Jun-17, 7,917.89 
14-Jun-17, 7,966.01 
15-Jun-17, 7,964.49 
16-Jun-17, 7,882.22 
19-Jun-17, 7,943.75 
20-Jun-17, 7,917.86 
21-Jun-17, 7,886.37 
22-Jun-17, 7,858.34 
23-Jun-17, 7,814.17 
27-Jun-17, 7,876.37 
28-Jun-17, 7,857.18 
29-Jun-17, 7,788.06 
30-Jun-17, 7,843.16 
3-Jul-17, 7,866.52 
4-Jul-17, 7,833.96 
5-Jul-17, 7,848.84 
6-Jul-17, 7,888.31 
7-Jul-17, 7,889.33 
10-Jul-17, 7,837.47 
11-Jul-17, 7,858.14 
12-Jul-17, 7,938.37 
13-Jul-17, 7,936.85 
14-Jul-17, 7,885.90 
17-Jul-17, 7,934.50 
18-Jul-17, 7,952.92 
19-Jul-17, 7,972.90 
20-Jul-17, 7,904.34 
21-Jul-17, 7,989.73 
24-Jul-17, 7,962.64 
25-Jul-17, 7,971.72 
26-Jul-17, 8,037.51 
27-Jul-17, 8,045.78 
28-Jul-17, 8,071.47 
31-Jul-17, 8,018.05 
1-Aug-17, 7,906.60 
2-Aug-17, 7,872.65 
3-Aug-17, 7,876.66 
4-Aug-17, 7,932.82 
7-Aug-17, 7,992.27 
8-Aug-17, 7,986.51 
9-Aug-17, 7,985.83 
10-Aug-17, 7,966.25 
11-Aug-17, 7,928.43 
14-Aug-17, 7,962.12 
15-Aug-17, 8,009.41 
16-Aug-17, 8,046.59 
17-Aug-17, 8,072.75 
18-Aug-17, 8,016.73 
22-Aug-17, 8,015.93 
23-Aug-17, 7,998.75 
24-Aug-17, 8,004.93 
25-Aug-17, 8,015.14 
29-Aug-17, 7,948.39 
30-Aug-17, 7,956.73 
31-Aug-17, 7,958.57 
4-Sep-17, 8,035.20 
5-Sep-17, 8,049.35 
6-Sep-17, 7,983.97 
7-Sep-17, 8,022.98 
8-Sep-17, 8,022.75 
11-Sep-17, 8,049.31 
13-Sep-17, 8,053.88 
14-Sep-17, 8,144.91 
15-Sep-17, 8,180.85 
18-Sep-17, 8,294.14 
19-Sep-17, 8,162.70 
20-Sep-17, 8,219.32 
21-Sep-17, 8,286.86 
22-Sep-17, 8,281.27 
25-Sep-17, 8,244.73 
26-Sep-17, 8,170.14 
27-Sep-17, 8,221.92 
28-Sep-17, 8,156.04 
29-Sep-17, 8,171.43 
2-Oct-17, 8,256.28 
3-Oct-17, 8,312.93 
4-Oct-17, 8,344.05 
5-Oct-17, 8,294.01 
6-Oct-17, 8,310.88 
9-Oct-17, 8,367.38 
10-Oct-17, 8,398.04 
11-Oct-17, 8,358.47 
12-Oct-17, 8,402.81 
13-Oct-17, 8,447.94 
17-Oct-17, 8,497.74 
18-Oct-17, 8,431.73 
19-Oct-17, 8,487.37 
20-Oct-17, 8,420.95 
23-Oct-17, 8,348.32 
24-Oct-17, 8,279.92 
25-Oct-17, 8,303.35 
26-Oct-17, 8,267.92 
27-Oct-17, 8,295.95 
30-Oct-17, 8,365.26 
2-Nov-17, 8,516.02 
3-Nov-17, 8,376.13 
6-Nov-17, 8,523.07 
7-Nov-17, 8,521.81 
8-Nov-17, 8,508.49 
9-Nov-17, 8,519.82 
10-Nov-17, 8,433.48 
13-Nov-17, 8,330.02 
14-Nov-17, 8,379.64 
15-Nov-17, 8,273.44 
16-Nov-17, 8,206.44 
17-Nov-17, 8,311.08 
20-Nov-17, 8,321.98 
21-Nov-17, 8,289.19 
22-Nov-17, 8,265.68 
23-Nov-17, 8,343.23 
24-Nov-17, 8,365.11 
27-Nov-17, 8,361.69 
28-Nov-17, 8,291.88 
29-Nov-17, 8,254.03 
1-Dec-17, 8,144.02 
4-Dec-17, 8,084.45 
5-Dec-17, 8,145.00 
6-Dec-17, 8,129.62 
7-Dec-17, 8,174.93 
8-Dec-17, 8,304.70 
11-Dec-17, 8,358.57 
12-Dec-17, 8,334.06 
13-Dec-17, 8,359.61 
14-Dec-17, 8,461.06 
15-Dec-17, 8,337.04 
18-Dec-17, 8,422.82 
19-Dec-17, 8,365.96 
20-Dec-17, 8,362.61 
21-Dec-17, 8,378.28 
22-Dec-17, 8,432.31 
27-Dec-17, 8,490.91 
28-Dec-17, 8,535.09 
29-Dec-17, 8,558.42 
3-Jan-18, 8,724.13 
4-Jan-18, 8,739.83 
5-Jan-18, 8,770.00 
8-Jan-18, 8,745.12 
9-Jan-18, 8,923.72 
10-Jan-18, 8,920.29 
11-Jan-18, 8,813.25 
12-Jan-18, 8,814.62 
15-Jan-18, 8,857.72 
16-Jan-18, 8,865.13 
17-Jan-18, 8,848.99 
18-Jan-18, 8,820.74 
19-Jan-18, 8,915.92 
22-Jan-18, 8,950.62 
23-Jan-18, 8,999.02 
24-Jan-18, 8,920.23 
25-Jan-18, 8,999.17 
26-Jan-18, 9,041.20 
29-Jan-18, 9,058.62 
30-Jan-18, 8,910.48 
31-Jan-18, 8,764.01 
1-Feb-18, 8,738.72 
2-Feb-18, 8,810.75 
5-Feb-18, 8,616.00 
6-Feb-18, 8,550.42 
7-Feb-18, 8,667.56 
8-Feb-18, 8,645.08 
9-Feb-18, 8,503.69 
12-Feb-18, 8,487.91 
13-Feb-18, 8,570.14 
14-Feb-18, 8,598.11 
15-Feb-18, 8,612.44 
19-Feb-18, 8,710.22 
20-Feb-18, 8,722.70 
21-Feb-18, 8,613.65 
22-Feb-18, 8,515.57 
23-Feb-18, 8,467.56 
26-Feb-18, 8,499.98 
27-Feb-18, 8,592.38 
28-Feb-18, 8,475.29 
1-Mar-18, 8,465.77 
2-Mar-18, 8,458.57 
5-Mar-18, 8,386.17 
6-Mar-18, 8,360.22 
7-Mar-18, 8,404.69 
8-Mar-18, 8,381.85 
9-Mar-18, 8,372.51 
12-Mar-18, 8,453.50 
13-Mar-18, 8,419.57 
14-Mar-18, 8,348.74 
15-Mar-18, 8,190.01 
16-Mar-18, 8,238.15 
19-Mar-18, 8,235.54 
20-Mar-18, 8,059.60 
21-Mar-18, 7,909.07 
22-Mar-18, 8,124.45 
23-Mar-18, 7,970.80 
26-Mar-18, 7,932.38 
27-Mar-18, 8,047.03 
28-Mar-18, 7,979.83 
2-Apr-18, 8,039.45 
3-Apr-18, 8,048.72 
4-Apr-18, 7,997.67 
5-Apr-18, 8,022.16 
6-Apr-18, 7,945.66 
10-Apr-18, 7,934.68 
11-Apr-18, 7,943.93 
12-Apr-18, 8,043.07 
13-Apr-18, 7,899.98 
16-Apr-18, 7,870.25 
17-Apr-18, 7,723.39 
18-Apr-18, 7,793.13 
19-Apr-18, 7,682.24 
20-Apr-18, 7,726.72 
23-Apr-18, 7,719.47 
24-Apr-18, 7,600.36 
25-Apr-18, 7,557.91 
26-Apr-18, 7,617.42 
27-Apr-18, 7,721.02 
30-Apr-18, 7,819.25 
2-May-18, 7,736.07 
3-May-18, 7,535.10 
4-May-18, 7,546.19 
7-May-18, 7,533.28 
8-May-18, 7,577.57 
9-May-18, 7,555.27 
10-May-18, 7,571.00 
11-May-18, 7,752.11 
15-May-18, 7,885.97 
16-May-18, 7,869.56 
17-May-18, 7,694.12 
18-May-18, 7,672.28 
21-May-18, 7,658.05 
22-May-18, 7,646.20 
23-May-18, 7,560.47 
24-May-18, 7,652.53 
25-May-18, 7,647.51 
28-May-18, 7,642.90 
29-May-18, 7,602.36 
30-May-18, 7,470.14 
31-May-18, 7,497.17 
1-Jun-18, 7,630.26 
4-Jun-18, 7,579.61 
5-Jun-18, 7,685.76 
6-Jun-18, 7,689.14 
7-Jun-18, 7,803.31 
8-Jun-18, 7,740.74 
11-Jun-18, 7,771.30 
13-Jun-18, 7,602.98 
14-Jun-18, 7,529.54 
18-Jun-18, 7,414.11 
19-Jun-18, 7,312.61 
20-Jun-18, 7,261.62 
21-Jun-18, 7,098.15 
22-Jun-18, 7,063.20 
25-Jun-18, 6,986.88 
26-Jun-18, 7,007.21 
27-Jun-18, 7,176.43 
28-Jun-18, 7,066.57 
29-Jun-18, 7,193.68 
2-Jul-18, 7,227.96 
3-Jul-18, 7,267.34 
4-Jul-18, 7,348.42 
5-Jul-18, 7,233.57 
6-Jul-18, 7,186.71 
9-Jul-18, 7,186.62 
10-Jul-18, 7,233.29 
11-Jul-18, 7,333.73 
12-Jul-18, 7,350.58 
13-Jul-18, 7,399.18 
16-Jul-18, 7,369.44 
17-Jul-18, 7,381.68 
18-Jul-18, 7,451.37 
19-Jul-18, 7,387.87 
20-Jul-18, 7,399.61 
23-Jul-18, 7,376.80 
24-Jul-18, 7,447.02 
25-Jul-18, 7,514.00 
26-Jul-18, 7,665.85 
27-Jul-18, 7,701.38 
30-Jul-18, 7,773.32 
31-Jul-18, 7,672.00 
1-Aug-18, 7,838.22 
2-Aug-18, 7,759.55 
3-Aug-18, 7,819.39 
6-Aug-18, 7,817.31 
7-Aug-18, 7,725.85 
8-Aug-18, 7,851.46 
9-Aug-18, 7,820.71 
10-Aug-18, 7,804.98 
13-Aug-18, 7,635.27 
14-Aug-18, 7,527.78 
15-Aug-18, 7,540.92 
16-Aug-18, 7,517.36 
17-Aug-18, 7,583.52 
20-Aug-18, 7,500.53 
22-Aug-18, 7,632.26 
23-Aug-18, 7,804.03 
24-Aug-18, 7,766.47 
28-Aug-18, 7,844.61 
29-Aug-18, 7,830.96 
30-Aug-18, 7,853.16 
31-Aug-18, 7,855.71 
3-Sep-18, 7,832.22 
4-Sep-18, 7,881.82 
5-Sep-18, 7,752.27 
6-Sep-18, 7,638.71 
7-Sep-18, 7,598.64 
10-Sep-18, 7,596.15 
11-Sep-18, 7,518.01 
12-Sep-18, 7,449.20 
13-Sep-18, 7,517.37 
14-Sep-18, 7,413.15 
17-Sep-18, 7,413.56 
18-Sep-18, 7,286.34 
19-Sep-18, 7,221.23 
20-Sep-18, 7,134.73 
21-Sep-18, 7,383.00 
24-Sep-18, 7,433.61 
25-Sep-18, 7,332.17 
26-Sep-18, 7,268.21 
27-Sep-18, 7,320.59 
28-Sep-18, 7,276.82 
1-Oct-18, 7,222.08 
2-Oct-18, 7,132.36 
3-Oct-18, 7,210.87 
4-Oct-18, 7,093.34 
5-Oct-18, 7,078.20 
8-Oct-18, 7,050.82 
9-Oct-18, 7,059.38 
10-Oct-18, 7,001.14 
11-Oct-18, 6,884.38 
12-Oct-18, 7,004.77 
15-Oct-18, 6,926.51 
16-Oct-18, 6,987.02 
17-Oct-18, 7,099.68 
18-Oct-18, 7,141.25 
19-Oct-18, 7,151.52 
22-Oct-18, 7,236.16 
23-Oct-18, 7,197.62 
24-Oct-18, 7,129.42 
25-Oct-18, 6,966.84 
26-Oct-18, 7,064.33 
29-Oct-18, 7,109.03 
30-Oct-18, 7,016.06 
31-Oct-18, 7,140.29 
5-Nov-18, 7,213.44 
6-Nov-18, 7,180.11 
7-Nov-18, 7,033.93 
8-Nov-18, 7,035.71 
9-Nov-18, 6,968.82 
12-Nov-18, 6,926.20 
13-Nov-18, 6,843.83 
14-Nov-18, 6,923.08 
15-Nov-18, 6,952.59 
16-Nov-18, 7,083.34 
19-Nov-18, 7,270.26 
20-Nov-18, 7,302.94 
21-Nov-18, 7,265.45 
22-Nov-18, 7,268.38 
23-Nov-18, 7,340.18 
26-Nov-18, 7,397.87 
27-Nov-18, 7,413.63 
28-Nov-18, 7,382.43 
29-Nov-18, 7,367.85 
3-Dec-18, 7,532.90 
4-Dec-18, 7,703.92 
5-Dec-18, 7,630.90 
6-Dec-18, 7,535.32 
7-Dec-18, 7,461.06 
10-Dec-18, 7,348.21 
11-Dec-18, 7,451.08 
12-Dec-18, 7,488.24 
13-Dec-18, 7,522.92 
14-Dec-18, 7,524.37 
17-Dec-18, 7,520.40 
18-Dec-18, 7,420.40 
19-Dec-18, 7,579.62 
20-Dec-18, 7,563.41 
21-Dec-18, 7,479.71 
26-Dec-18, 7,450.01 
27-Dec-18, 7,482.66 
28-Dec-18, 7,466.02 
2-Jan-19, 7,489.20 
3-Jan-19, 7,680.60 
4-Jan-19, 7,761.11 
7-Jan-19, 7,787.66 
8-Jan-19, 7,702.12 
9-Jan-19, 7,919.67 
10-Jan-19, 7,985.23 
11-Jan-19, 7,904.09 
14-Jan-19, 8,024.14 
15-Jan-19, 8,013.42 
16-Jan-19, 7,864.70 
17-Jan-19, 7,927.20 
18-Jan-19, 8,047.12 
21-Jan-19, 8,007.46 
22-Jan-19, 8,008.67 
23-Jan-19, 7,989.65 
24-Jan-19, 8,064.90 
25-Jan-19, 8,053.20 
28-Jan-19, 8,053.92 
29-Jan-19, 8,050.82 
30-Jan-19, 7,979.95 
31-Jan-19, 8,007.48 
1-Feb-19, 8,144.16 
4-Feb-19, 8,069.48 
6-Feb-19, 8,058.45 
7-Feb-19, 8,100.30 
8-Feb-19, 8,070.89 
11-Feb-19, 8,061.54 
12-Feb-19, 8,009.92 
13-Feb-19, 7,920.24 
14-Feb-19, 7,991.25 
15-Feb-19, 7,908.89 
18-Feb-19, 7,910.58 
19-Feb-19, 7,833.75 
20-Feb-19, 7,939.24 
21-Feb-19, 7,931.30 
22-Feb-19, 7,962.13 
26-Feb-19, 7,988.16 
27-Feb-19, 7,889.12 
28-Feb-19, 7,705.49 
1-Mar-19, 7,641.77 
4-Mar-19, 7,675.47 
5-Mar-19, 7,670.62 
6-Mar-19, 7,821.34 
7-Mar-19, 7,881.79 
8-Mar-19, 7,797.11 
11-Mar-19, 7,708.72 
12-Mar-19, 7,747.54 
13-Mar-19, 7,766.15 
14-Mar-19, 7,750.42 
15-Mar-19, 7,798.28 
18-Mar-19, 7,873.02 
19-Mar-19, 7,843.41 
20-Mar-19, 7,858.20 
21-Mar-19, 7,954.72 
22-Mar-19, 8,013.42 
25-Mar-19, 7,863.02 
26-Mar-19, 7,907.03 
27-Mar-19, 7,861.05 
28-Mar-19, 7,876.40 
29-Mar-19, 7,920.93 
1-Apr-19, 7,840.31 
2-Apr-19, 7,879.21 
3-Apr-19, 7,895.06 
4-Apr-19, 7,854.13 
5-Apr-19, 7,873.18 
8-Apr-19, 7,915.63 
10-Apr-19, 8,008.53 
11-Apr-19, 7,955.80 
12-Apr-19, 7,880.82 
15-Apr-19, 7,787.98 
16-Apr-19, 7,826.46 
17-Apr-19, 7,835.15 
22-Apr-19, 7,832.43 
23-Apr-19, 7,818.93 
24-Apr-19, 7,846.99 
25-Apr-19, 7,894.45 
26-Apr-19, 7,868.28 
29-Apr-19, 7,897.02 
30-Apr-19, 7,952.72 
2-May-19, 8,001.57 
3-May-19, 7,967.98 
6-May-19, 7,862.30 
7-May-19, 7,910.63 
8-May-19, 7,926.69 
9-May-19, 7,755.62 
10-May-19, 7,742.20 
14-May-19, 7,646.66 
15-May-19, 7,576.71 
16-May-19, 7,475.16 
17-May-19, 7,583.82 
20-May-19, 7,660.14 
21-May-19, 7,721.56 
22-May-19, 7,815.07 
23-May-19, 7,804.03 
24-May-19, 7,747.09 
27-May-19, 7,725.01 
28-May-19, 7,761.29 
29-May-19, 7,797.75 
30-May-19, 7,836.55 
31-May-19, 7,970.02 
3-Jun-19, 8,084.88 
4-Jun-19, 7,945.37 
6-Jun-19, 7,959.86 
7-Jun-19, 7,983.98 
10-Jun-19, 8,045.39 
11-Jun-19, 8,030.98 
13-Jun-19, 8,051.76 
14-Jun-19, 7,990.20 
17-Jun-19, 7,908.99 
18-Jun-19, 7,922.04 
19-Jun-19, 8,017.01 
20-Jun-19, 8,022.42 
21-Jun-19, 8,055.47 
24-Jun-19, 8,060.58 
25-Jun-19, 8,034.09 
26-Jun-19, 8,013.57 
27-Jun-19, 8,057.64 
28-Jun-19, 7,999.71 
1-Jul-19, 8,043.71 
2-Jul-19, 8,093.60 
3-Jul-19, 8,092.68 
4-Jul-19, 8,064.92 
5-Jul-19, 8,117.94 
8-Jul-19, 8,051.52 
9-Jul-19, 8,042.04 
10-Jul-19, 8,078.21 
11-Jul-19, 8,154.49 
12-Jul-19, 8,141.82 
15-Jul-19, 8,365.29 
16-Jul-19, 8,263.57 
17-Jul-19, 8,233.48 
18-Jul-19, 8,258.05 
19-Jul-19, 8,270.07 
22-Jul-19, 8,246.83 
23-Jul-19, 8,251.46 
24-Jul-19, 8,161.49 
25-Jul-19, 8,272.18 
26-Jul-19, 8,183.99 
29-Jul-19, 8,188.52 
30-Jul-19, 8,150.46 
31-Jul-19, 8,045.80 
1-Aug-19, 8,098.16 
2-Aug-19, 8,129.93 
5-Aug-19, 7,890.02 
6-Aug-19, 7,766.75 
7-Aug-19, 7,917.39 
8-Aug-19, 7,914.16 
9-Aug-19, 7,854.39 
13-Aug-19, 7,788.45 
14-Aug-19, 7,858.65 
15-Aug-19, 7,828.86 
16-Aug-19, 7,795.98 
19-Aug-19, 7,938.35 
20-Aug-19, 7,886.91 
22-Aug-19, 7,848.83 
23-Aug-19, 7,889.41 
27-Aug-19, 7,747.38 
28-Aug-19, 7,847.50 
29-Aug-19, 7,892.81 
30-Aug-19, 7,979.66 
2-Sep-19, 7,918.53 
3-Sep-19, 7,804.71 
4-Sep-19, 7,840.86 
5-Sep-19, 7,898.19 
6-Sep-19, 7,933.47 
9-Sep-19, 7,960.12 
10-Sep-19, 7,929.48 
11-Sep-19, 7,967.90 
12-Sep-19, 7,944.43 
13-Sep-19, 7,992.32 
16-Sep-19, 7,996.90 
17-Sep-19, 7,932.23 
18-Sep-19, 7,915.29 
19-Sep-19, 7,911.32 
20-Sep-19, 7,871.11 
23-Sep-19, 7,867.51 
24-Sep-19, 7,893.94 
25-Sep-19, 7,896.24 
26-Sep-19, 7,896.48 
27-Sep-19, 7,819.22 
30-Sep-19, 7,779.07 
1-Oct-19, 7,739.86 
2-Oct-19, 7,610.68 
3-Oct-19, 7,545.55 
4-Oct-19, 7,704.60 
7-Oct-19, 7,683.22 
8-Oct-19, 7,756.72 
9-Oct-19, 7,681.25 
10-Oct-19, 7,765.03 
11-Oct-19, 7,849.94 
14-Oct-19, 7,884.29 
15-Oct-19, 7,840.31 
16-Oct-19, 7,915.30 
17-Oct-19, 7,930.55 
18-Oct-19, 7,885.23 
21-Oct-19, 7,891.13 
22-Oct-19, 7,955.24 
23-Oct-19, 7,933.76 
24-Oct-19, 7,950.98 
25-Oct-19, 7,922.50 
28-Oct-19, 7,946.53 
29-Oct-19, 7,991.19 
30-Oct-19, 8,020.06 
31-Oct-19, 7,977.12 
4-Nov-19, 8,059.65 
5-Nov-19, 8,216.68 
6-Nov-19, 8,025.88 
7-Nov-19, 8,073.81 
8-Nov-19, 8,065.76 
11-Nov-19, 8,009.38 
12-Nov-19, 8,012.34 
13-Nov-19, 7,947.47 
14-Nov-19, 7,933.71 
15-Nov-19, 7,932.96 
18-Nov-19, 7,880.94 
19-Nov-19, 7,912.14 
20-Nov-19, 7,898.06 
21-Nov-19, 7,818.89 
22-Nov-19, 7,824.59 
25-Nov-19, 7,771.62 
26-Nov-19, 7,707.80 
27-Nov-19, 7,836.89 
28-Nov-19, 7,768.66 
29-Nov-19, 7,738.96 
2-Dec-19, 7,877.19 
3-Dec-19, 7,855.18 
4-Dec-19, 7,815.93 
5-Dec-19, 7,790.91 
6-Dec-19, 7,801.72 
9-Dec-19, 7,779.80 
10-Dec-19, 7,736.18 
11-Dec-19, 7,786.41 
12-Dec-19, 7,741.07 
13-Dec-19, 7,877.63 
16-Dec-19, 7,701.60 
17-Dec-19, 7,730.45 
18-Dec-19, 7,733.67 
19-Dec-19, 7,653.94 
20-Dec-19, 7,773.12 
23-Dec-19, 7,872.60 
26-Dec-19, 7,842.28 
27-Dec-19, 7,815.26 
2-Jan-20, 7,742.53 
3-Jan-20, 7,839.79 
6-Jan-20, 7,797.87 
7-Jan-20, 7,840.70 
8-Jan-20, 7,736.24 
9-Jan-20, 7,797.64 
10-Jan-20, 7,776.77 
14-Jan-20, 7,793.25 
15-Jan-20, 7,664.40 
16-Jan-20, 7,653.18 
17-Jan-20, 7,722.58 
20-Jan-20, 7,552.60 
21-Jan-20, 7,466.65 
22-Jan-20, 7,468.73 
23-Jan-20, 7,616.35 
24-Jan-20, 7,623.41 
27-Jan-20, 7,587.63 
28-Jan-20, 7,468.70 
29-Jan-20, 7,462.31 
30-Jan-20, 7,392.68 
31-Jan-20, 7,200.79 
3-Feb-20, 7,137.03 
4-Feb-20, 7,226.90 
5-Feb-20, 7,352.85 
6-Feb-20, 7,506.51 
7-Feb-20, 7,507.20 
10-Feb-20, 7,430.86 
11-Feb-20, 7,439.40 
12-Feb-20, 7,383.10 
13-Feb-20, 7,403.12 
14-Feb-20, 7,282.00 
17-Feb-20, 7,326.85 
18-Feb-20, 7,322.89 
19-Feb-20, 7,396.94 
20-Feb-20, 7,413.00 
21-Feb-20, 7,369.78 
24-Feb-20, 7,187.44 
26-Feb-20, 6,909.84 
27-Feb-20, 6,967.84 
28-Feb-20, 6,787.91 
2-Mar-20, 6,749.28 
3-Mar-20, 6,790.54 
4-Mar-20, 6,867.26 
5-Mar-20, 6,884.77 
6-Mar-20, 6,770.38 
9-Mar-20, 6,312.61 
10-Mar-20, 6,318.38 
11-Mar-20, 6,353.26 
12-Mar-20, 5,736.27 
13-Mar-20, 5,793.94 
16-Mar-20, 5,335.37 
19-Mar-20, 4,623.42 
20-Mar-20, 4,778.76 
23-Mar-20, 4,743.37 
24-Mar-20, 4,774.27 
25-Mar-20, 5,027.76 
26-Mar-20, 5,401.58 
27-Mar-20, 5,266.62 
30-Mar-20, 5,131.16 
31-Mar-20, 5,321.23 
1-Apr-20, 5,408.52 
2-Apr-20, 5,342.31 
3-Apr-20, 5,346.97 
6-Apr-20, 5,570.81 
7-Apr-20, 5,650.01 
8-Apr-20, 5,510.83 
13-Apr-20, 5,610.98 
14-Apr-20, 5,780.88 
15-Apr-20, 5,946.05 
16-Apr-20, 5,525.60 
17-Apr-20, 5,789.97 
20-Apr-20, 5,733.65 
21-Apr-20, 5,592.25 
22-Apr-20, 5,573.75 
23-Apr-20, 5,599.55 
24-Apr-20, 5,464.98 
27-Apr-20, 5,450.45 
28-Apr-20, 5,574.98 
29-Apr-20, 5,643.97 
30-Apr-20, 5,700.71 
4-May-20, 5,572.09 
5-May-20, 5,671.67 
6-May-20, 5,639.27 
7-May-20, 5,653.16 
8-May-20, 5,621.94 
11-May-20, 5,667.93 
12-May-20, 5,651.67 
13-May-20, 5,626.25 
14-May-20, 5,654.70 
15-May-20, 5,541.95 
18-May-20, 5,479.35 
19-May-20, 5,555.85 
20-May-20, 5,581.96 
21-May-20, 5,604.49 
22-May-20, 5,539.19 
26-May-20, 5,496.83 
27-May-20, 5,523.78 
28-May-20, 5,570.22 
29-May-20, 5,838.84 
1-Jun-20, 5,930.17 
2-Jun-20, 6,025.17 
3-Jun-20, 6,245.65 
4-Jun-20, 6,517.49 
5-Jun-20, 6,465.13 
8-Jun-20, 6,514.00 
9-Jun-20, 6,583.84 
10-Jun-20, 6,439.37 
11-Jun-20, 6,476.24 
15-Jun-20, 6,163.82 
16-Jun-20, 6,281.75 
17-Jun-20, 6,282.01 
18-Jun-20, 6,348.45 
19-Jun-20, 6,315.07 
22-Jun-20, 6,347.43 
23-Jun-20, 6,297.78 
24-Jun-20, 6,188.83 
25-Jun-20, 6,118.26 
26-Jun-20, 6,191.84 
29-Jun-20, 6,105.18 
30-Jun-20, 6,207.72 
1-Jul-20, 6,209.71 
2-Jul-20, 6,364.08 
3-Jul-20, 6,372.66 
6-Jul-20, 6,328.41 
7-Jul-20, 6,267.40 
8-Jul-20, 6,285.50 
9-Jul-20, 6,192.58 
10-Jul-20, 6,197.38 
13-Jul-20, 6,172.57 
14-Jul-20, 6,172.81 
15-Jul-20, 6,016.51 
16-Jul-20, 6,147.66 
17-Jul-20, 6,088.75 
20-Jul-20, 6,150.70 
21-Jul-20, 6,136.31 
22-Jul-20, 6,064.26 
23-Jul-20, 6,029.01 
24-Jul-20, 6,003.26 
27-Jul-20, 5,860.94 
28-Jul-20, 5,927.11 
29-Jul-20, 5,966.27 
30-Jul-20, 5,928.45 
3-Aug-20, 5,715.92 
4-Aug-20, 5,775.50 
5-Aug-20, 5,833.58 
6-Aug-20, 5,902.58 
7-Aug-20, 5,846.02 
10-Aug-20, 5,930.92 
11-Aug-20, 5,953.94 
12-Aug-20, 5,995.00 
13-Aug-20, 6,097.78 
14-Aug-20, 6,076.91 
17-Aug-20, 6,068.78 
18-Aug-20, 6,156.45 
19-Aug-20, 6,042.12 
20-Aug-20, 6,005.40 
24-Aug-20, 5,943.58 
25-Aug-20, 5,953.44 
26-Aug-20, 5,931.33 
27-Aug-20, 5,921.55 
28-Aug-20, 5,884.18 
1-Sep-20, 5,799.24 
2-Sep-20, 5,738.39 
3-Sep-20, 5,772.86 
4-Sep-20, 5,785.09 
7-Sep-20, 5,935.85 
8-Sep-20, 6,034.03 
9-Sep-20, 5,932.84 
10-Sep-20, 5,902.39 
11-Sep-20, 5,967.96 
14-Sep-20, 5,997.14 
15-Sep-20, 6,018.21 
16-Sep-20, 5,946.62 
17-Sep-20, 5,943.52 
18-Sep-20, 5,908.90 
21-Sep-20, 5,909.32 
22-Sep-20, 5,894.28 
23-Sep-20, 5,892.72 
24-Sep-20, 5,845.80 
25-Sep-20, 5,838.66 
28-Sep-20, 5,861.39 
29-Sep-20, 5,841.60 
30-Sep-20, 5,864.23 
1-Oct-20, 5,944.87 
2-Oct-20, 5,999.40 
5-Oct-20, 5,938.95 
6-Oct-20, 5,910.64 
7-Oct-20, 5,867.88 
8-Oct-20, 5,942.66 
9-Oct-20, 5,931.61 
12-Oct-20, 5,937.05 
13-Oct-20, 5,923.23 
14-Oct-20, 5,925.30 
15-Oct-20, 5,938.33 
16-Oct-20, 5,898.47 
19-Oct-20, 6,019.26 
20-Oct-20, 6,112.71 
21-Oct-20, 6,278.59 
22-Oct-20, 6,344.63 
23-Oct-20, 6,484.06 
26-Oct-20, 6,491.19 
27-Oct-20, 6,415.08 
28-Oct-20, 6,377.79 
29-Oct-20, 6,249.39 
30-Oct-20, 6,324.00 
3-Nov-20, 6,335.56 
4-Nov-20, 6,464.05 
5-Nov-20, 6,644.77 
6-Nov-20, 6,685.69 
9-Nov-20, 6,685.85 
10-Nov-20, 7,035.48 
11-Nov-20, 7,024.26 
13-Nov-20, 6,969.88 
16-Nov-20, 6,918.05 
17-Nov-20, 6,959.14 
18-Nov-20, 7,051.78 
19-Nov-20, 6,997.62 
20-Nov-20, 7,169.79 
23-Nov-20, 7,178.62 
24-Nov-20, 7,108.67 
25-Nov-20, 7,001.51 
26-Nov-20, 6,927.75 
27-Nov-20, 6,791.46 
1-Dec-20, 7,009.56 
2-Dec-20, 7,080.62 
3-Dec-20, 7,194.13 
4-Dec-20, 7,134.56 
7-Dec-20, 7,203.67 
9-Dec-20, 7,102.66 
10-Dec-20, 7,154.43 
11-Dec-20, 7,246.16 
14-Dec-20, 7,281.35 
15-Dec-20, 7,227.73 
16-Dec-20, 7,299.70 
17-Dec-20, 7,298.02 
18-Dec-20, 7,272.80 
21-Dec-20, 7,224.89 
22-Dec-20, 7,202.39 
23-Dec-20, 7,204.38 
28-Dec-20, 7,122.25 
29-Dec-20, 7,139.71 
4-Jan-21, 7,197.50 
5-Jan-21, 7,134.18 
6-Jan-21, 7,047.85 
7-Jan-21, 7,119.61 
8-Jan-21, 7,289.88 
11-Jan-21, 7,304.79 
12-Jan-21, 7,258.11 
13-Jan-21, 7,242.85 
14-Jan-21, 7,273.15 
15-Jan-21, 7,238.46 
18-Jan-21, 7,203.44 
19-Jan-21, 7,198.45 
20-Jan-21, 7,143.30 
21-Jan-21, 7,140.29 
22-Jan-21, 7,045.83 
25-Jan-21, 7,071.50 
26-Jan-21, 6,977.16 
27-Jan-21, 6,863.61 
28-Jan-21, 6,851.84 
29-Jan-21, 6,612.62 
1-Feb-21, 6,814.76 
2-Feb-21, 6,867.88 
3-Feb-21, 6,859.46 
4-Feb-21, 6,903.75 
5-Feb-21, 7,019.18 
8-Feb-21, 7,024.48 
9-Feb-21, 7,065.55 
10-Feb-21, 7,082.15 
11-Feb-21, 6,991.01 
15-Feb-21, 6,959.21 
16-Feb-21, 7,044.06 
17-Feb-21, 6,966.43 
18-Feb-21, 6,849.64 
19-Feb-21, 6,926.41 
22-Feb-21, 6,810.34 
23-Feb-21, 6,814.67 
24-Feb-21, 6,755.95 
26-Feb-21, 6,794.86 
1-Mar-21, 6,872.97 
2-Mar-21, 6,919.54 
3-Mar-21, 6,942.76 
4-Mar-21, 6,882.49 
5-Mar-21, 6,881.37 
8-Mar-21, 6,756.92 
9-Mar-21, 6,766.83 
10-Mar-21, 6,808.32 
11-Mar-21, 6,719.18 
12-Mar-21, 6,728.55 
15-Mar-21, 6,552.46 
16-Mar-21, 6,559.08 
17-Mar-21, 6,566.83 
18-Mar-21, 6,630.85 
19-Mar-21, 6,436.10 
22-Mar-21, 6,395.17 
23-Mar-21, 6,446.35 
24-Mar-21, 6,497.01 
25-Mar-21, 6,581.00 
26-Mar-21, 6,544.63 
29-Mar-21, 6,607.78 
30-Mar-21, 6,545.55 
31-Mar-21, 6,443.09 
5-Apr-21, 6,495.15 
6-Apr-21, 6,590.11 
7-Apr-21, 6,651.71 
8-Apr-21, 6,545.17 
12-Apr-21, 6,518.64 
13-Apr-21, 6,457.79 
14-Apr-21, 6,523.21 
15-Apr-21, 6,539.96 
16-Apr-21, 6,494.81 
19-Apr-21, 6,459.76 
20-Apr-21, 6,500.42 
21-Apr-21, 6,439.39 
22-Apr-21, 6,415.53 
23-Apr-21, 6,378.07 
26-Apr-21, 6,389.38 
27-Apr-21, 6,356.47 
28-Apr-21, 6,469.14 
29-Apr-21, 6,487.51 
30-Apr-21, 6,370.87 
3-May-21, 6,369.28 
4-May-21, 6,359.15 
5-May-21, 6,299.69 
6-May-21, 6,282.78 
7-May-21, 6,258.71 
10-May-21, 6,317.41 
11-May-21, 6,326.83 
12-May-21, 6,236.40 
14-May-21, 6,269.36 
17-May-21, 6,283.58 
18-May-21, 6,244.74 
19-May-21, 6,245.71 
20-May-21, 6,197.64 
21-May-21, 6,199.25 
24-May-21, 6,164.89 
25-May-21, 6,196.71 
26-May-21, 6,341.24 
27-May-21, 6,665.14 
28-May-21, 6,674.51 
31-May-21, 6,628.49 
1-Jun-21, 6,627.43 
2-Jun-21, 6,841.69 
3-Jun-21, 6,791.87 
4-Jun-21, 6,796.34 
7-Jun-21, 6,763.92 
8-Jun-21, 6,809.72 
9-Jun-21, 6,902.54 
10-Jun-21, 6,875.71 
11-Jun-21, 6,907.79 
14-Jun-21, 6,917.49 
15-Jun-21, 6,976.73 
16-Jun-21, 6,973.35 
17-Jun-21, 6,887.92 
18-Jun-21, 6,851.38 
21-Jun-21, 6,827.17 
22-Jun-21, 6,870.41 
23-Jun-21, 6,918.41 
24-Jun-21, 6,886.00 
25-Jun-21, 6,950.51 
28-Jun-21, 6,937.96 
29-Jun-21, 6,956.65 
30-Jun-21, 6,901.91 
1-Jul-21, 6,964.01 
2-Jul-21, 7,002.26 
5-Jul-21, 7,036.38 
6-Jul-21, 6,992.43 
7-Jul-21, 6,943.00 
8-Jul-21, 6,924.99 
9-Jul-21, 6,834.92 
12-Jul-21, 6,913.87 
13-Jul-21, 6,795.13 
14-Jul-21, 6,835.41 
15-Jul-21, 6,727.93 
16-Jul-21, 6,693.83 
19-Jul-21, 6,587.20 
21-Jul-21, 6,476.21 
22-Jul-21, 6,576.62 
23-Jul-21, 6,520.74 
26-Jul-21, 6,372.61 
27-Jul-21, 6,522.58 
28-Jul-21, 6,473.03 
29-Jul-21, 6,496.53 
30-Jul-21, 6,270.23 
2-Aug-21, 6,446.31 
3-Aug-21, 6,560.06 
4-Aug-21, 6,585.21 
5-Aug-21, 6,547.27 
6-Aug-21, 6,539.91 
9-Aug-21, 6,632.57 
10-Aug-21, 6,623.23 
11-Aug-21, 6,666.86 
12-Aug-21, 6,556.57 
13-Aug-21, 6,320.19 
16-Aug-21, 6,513.68 
17-Aug-21, 6,561.41 
18-Aug-21, 6,680.18 
19-Aug-21, 6,718.51 
20-Aug-21, 6,633.22 
23-Aug-21, 6,591.67 
24-Aug-21, 6,678.82 
25-Aug-21, 6,822.15 
26-Aug-21, 6,820.53 
27-Aug-21, 6,786.62 
31-Aug-21, 6,855.44 
1-Sep-21, 6,785.94 
2-Sep-21, 6,834.66 
3-Sep-21, 6,897.13 
6-Sep-21, 6,877.10 
7-Sep-21, 6,912.71 
8-Sep-21, 6,949.39 
9-Sep-21, 6,924.02 
10-Sep-21, 6,970.51 
13-Sep-21, 6,968.14 
14-Sep-21, 6,920.36 
15-Sep-21, 6,880.20 
16-Sep-21, 6,968.43 
17-Sep-21, 6,912.85 
20-Sep-21, 6,857.90 
21-Sep-21, 6,881.20 
22-Sep-21, 6,890.73 
23-Sep-21, 6,915.28 
24-Sep-21, 6,951.53 
27-Sep-21, 6,956.26 
28-Sep-21, 6,885.36 
29-Sep-21, 6,934.11 
30-Sep-21, 6,952.88 
1-Oct-21, 6,923.60 
4-Oct-21, 6,960.89 
5-Oct-21, 6,981.24 
6-Oct-21, 7,057.45 
7-Oct-21, 6,951.30 
8-Oct-21, 6,906.86 
11-Oct-21, 7,124.01 
12-Oct-21, 7,107.82 
13-Oct-21, 7,068.92 
14-Oct-21, 7,183.11 
15-Oct-21, 7,213.46 
18-Oct-21, 7,219.81 
19-Oct-21, 7,266.31 
20-Oct-21, 7,297.08 
21-Oct-21, 7,311.72 
22-Oct-21, 7,289.61 
25-Oct-21, 7,211.54 
26-Oct-21, 7,252.10 
27-Oct-21, 7,230.15 
28-Oct-21, 7,157.73 
29-Oct-21, 7,054.70 
2-Nov-21, 7,106.01 
3-Nov-21, 7,184.72 
4-Nov-21, 7,203.72 
5-Nov-21, 7,340.77 
8-Nov-21, 7,396.22 
9-Nov-21, 7,441.67 
10-Nov-21, 7,375.68 
11-Nov-21, 7,331.65 
12-Nov-21, 7,382.84 
15-Nov-21, 7,342.37 
16-Nov-21, 7,367.42 
17-Nov-21, 7,349.82 
18-Nov-21, 7,299.34 
19-Nov-21, 7,280.57 
22-Nov-21, 7,282.67 
23-Nov-21, 7,401.16 
24-Nov-21, 7,419.10 
25-Nov-21, 7,369.27 
26-Nov-21, 7,278.44 
29-Nov-21, 7,200.88 
1-Dec-21, 6,947.06 
2-Dec-21, 7,032.54 
3-Dec-21, 7,055.19 
6-Dec-21, 7,130.74 
7-Dec-21, 7,147.30 
9-Dec-21, 7,234.92 
10-Dec-21, 7,192.17 
13-Dec-21, 7,197.61 
14-Dec-21, 7,241.99 
15-Dec-21, 7,132.58 
16-Dec-21, 7,233.26 
17-Dec-21, 7,297.66 
20-Dec-21, 7,237.61 
21-Dec-21, 7,167.06 
22-Dec-21, 7,119.19 
23-Dec-21, 7,248.05 
24-Dec-21, 7,181.86 
27-Dec-21, 7,254.80 
28-Dec-21, 7,286.50 
29-Dec-21, 7,334.56 
31-Dec-21, 7,122.63 
3-Jan-22, 7,041.27 
5-Jan-22, 7,091.40 
6-Jan-22, 7,085.52 
7-Jan-22, 7,011.11 
10-Jan-22, 7,140.67 
11-Jan-22, 7,085.69 
12-Jan-22, 7,215.13 
13-Jan-22, 7,307.75 
14-Jan-22, 7,261.34 
17-Jan-22, 7,223.83 
18-Jan-22, 7,343.96 
19-Jan-22, 7,261.54 
20-Jan-22, 7,239.28 
21-Jan-22, 7,293.52 
24-Jan-22, 7,252.64 
25-Jan-22, 7,288.21 
26-Jan-22, 7,253.61 
27-Jan-22, 7,273.52 
28-Jan-22, 7,251.97 
31-Jan-22, 7,361.65 
2-Feb-22, 7,458.99 
3-Feb-22, 7,382.77 
4-Feb-22, 7,456.35 
7-Feb-22, 7,380.30 
8-Feb-22, 7,458.23 
9-Feb-22, 7,502.48 
10-Feb-22, 7,432.62 
11-Feb-22, 7,270.36 
14-Feb-22, 7,361.15 
15-Feb-22, 7,309.94 
16-Feb-22, 7,452.82 
17-Feb-22, 7,438.93 
18-Feb-22, 7,418.79 
21-Feb-22, 7,372.25 
22-Feb-22, 7,440.91 
23-Feb-22, 7,364.21 
24-Feb-22, 7,212.23 
28-Feb-22, 7,311.01 
1-Mar-22, 7,404.61 
2-Mar-22, 7,304.02 
3-Mar-22, 7,388.09 
4-Mar-22, 7,342.01 
7-Mar-22, 7,288.07 
8-Mar-22, 6,977.73 
9-Mar-22, 6,989.88 
10-Mar-22, 7,124.80 
11-Mar-22, 7,112.19 
14-Mar-22, 6,816.95 
15-Mar-22, 7,019.92 
16-Mar-22, 7,026.45 
17-Mar-22, 7,122.45 
18-Mar-22, 7,007.63 
21-Mar-22, 6,956.60 
22-Mar-22, 7,008.94 
23-Mar-22, 7,009.43 
24-Mar-22, 7,082.61 
25-Mar-22, 7,124.84 
28-Mar-22, 7,134.36 
29-Mar-22, 7,115.09 
30-Mar-22, 7,167.02 
31-Mar-22, 7,203.47 
1-Apr-22, 7,152.88 
4-Apr-22, 7,163.21 
5-Apr-22, 7,156.07 
6-Apr-22, 7,109.26 
7-Apr-22, 6,926.03 
8-Apr-22, 7,018.02 
11-Apr-22, 6,988.29 
12-Apr-22, 6,895.36 
13-Apr-22, 6,984.90 
18-Apr-22, 6,996.11 
19-Apr-22, 7,037.74 
20-Apr-22, 7,142.42 
21-Apr-22, 7,061.49 
22-Apr-22, 6,998.59 
25-Apr-22, 7,020.83 
26-Apr-22, 6,980.02 
27-Apr-22, 6,863.91 
28-Apr-22, 6,909.45 
29-Apr-22, 6,731.25 
2-May-22, 6,721.08 
4-May-22, 6,802.73 
5-May-22, 6,868.92 
6-May-22, 6,759.90 
10-May-22, 6,720.93 
11-May-22, 6,635.86 
12-May-22, 6,532.30 
13-May-22, 6,379.17 
16-May-22, 6,502.12 
17-May-22, 6,594.66 
18-May-22, 6,727.60 
19-May-22, 6,660.05 
20-May-22, 6,746.33 
23-May-22, 6,687.85 
24-May-22, 6,577.45 
25-May-22, 6,597.76 
26-May-22, 6,645.52 
27-May-22, 6,726.14 
30-May-22, 6,822.32 
31-May-22, 6,774.68 
1-Jun-22, 6,712.21 
2-Jun-22, 6,686.83 
3-Jun-22, 6,741.40 
6-Jun-22, 6,716.88 
7-Jun-22, 6,754.01 
8-Jun-22, 6,769.62 
9-Jun-22, 6,758.59 
10-Jun-22, 6,530.04 
13-Jun-22, 6,467.01 
14-Jun-22, 6,474.53 
15-Jun-22, 6,319.42 
16-Jun-22, 6,393.01 
17-Jun-22, 6,331.56 
20-Jun-22, 6,333.94 
21-Jun-22, 6,285.19 
22-Jun-22, 6,168.00 
23-Jun-22, 6,065.23 
24-Jun-22, 6,217.56 
27-Jun-22, 6,238.82 
28-Jun-22, 6,345.41 
29-Jun-22, 6,303.19 
30-Jun-22, 6,155.43 
1-Jul-22, 6,165.35 
4-Jul-22, 6,183.62 
5-Jul-22, 6,309.99 
6-Jul-22, 6,445.01 
7-Jul-22, 6,352.32 
8-Jul-22, 6,361.82 
11-Jul-22, 6,388.64 
12-Jul-22, 6,349.94 
13-Jul-22, 6,255.37 
14-Jul-22, 6,248.13 
15-Jul-22, 6,195.26 
18-Jul-22, 6,268.78 
19-Jul-22, 6,286.24 
20-Jul-22, 6,274.80 
21-Jul-22, 6,256.17 
22-Jul-22, 6,263.39 
25-Jul-22, 6,209.53 
26-Jul-22, 6,223.00 
27-Jul-22, 6,236.76 
28-Jul-22, 6,379.26 
29-Jul-22, 6,315.93 
1-Aug-22, 6,312.03 
2-Aug-22, 6,362.30 
3-Aug-22, 6,430.08 
4-Aug-22, 6,483.11 
5-Aug-22, 6,405.50 
8-Aug-22, 6,434.24 
9-Aug-22, 6,468.97 
10-Aug-22, 6,471.84 
11-Aug-22, 6,680.68 
12-Aug-22, 6,699.66 
15-Aug-22, 6,737.84 
16-Aug-22, 6,850.64 
17-Aug-22, 6,818.99 
18-Aug-22, 6,824.63 
19-Aug-22, 6,863.86 
22-Aug-22, 6,704.41 
23-Aug-22, 6,618.38 
24-Aug-22, 6,643.45 
25-Aug-22, 6,706.43 
26-Aug-22, 6,752.50 
30-Aug-22, 6,690.27 
31-Aug-22, 6,583.65 
1-Sep-22, 6,588.28 
2-Sep-22, 6,692.65 
5-Sep-22, 6,676.04 
6-Sep-22, 6,709.60 
7-Sep-22, 6,554.08 
8-Sep-22, 6,593.74 
9-Sep-22, 6,606.00 
12-Sep-22, 6,715.75 
13-Sep-22, 6,701.81 
14-Sep-22, 6,582.86 
15-Sep-22, 6,575.67 
16-Sep-22, 6,548.77 
19-Sep-22, 6,437.42 
20-Sep-22, 6,448.46 
21-Sep-22, 6,341.69 
22-Sep-22, 6,301.71 
23-Sep-22, 6,259.54 
27-Sep-22, 6,020.07 
28-Sep-22, 5,879.68 
29-Sep-22, 5,934.25 
30-Sep-22, 5,741.07 
3-Oct-22, 5,783.15 
4-Oct-22, 5,987.72 
5-Oct-22, 5,988.59 
6-Oct-22, 5,934.27 
7-Oct-22, 5,932.19 
10-Oct-22, 5,832.58 
11-Oct-22, 5,847.37 
12-Oct-22, 5,853.63 
13-Oct-22, 5,895.64 
14-Oct-22, 5,904.75 
17-Oct-22, 5,970.33 
18-Oct-22, 6,128.64 
19-Oct-22, 6,148.31 
20-Oct-22, 6,055.99 
21-Oct-22, 5,983.56 
24-Oct-22, 6,028.79 
25-Oct-22, 6,073.41 
26-Oct-22, 6,121.53 
27-Oct-22, 6,230.58 
28-Oct-22, 6,153.43 
2-Nov-22, 6,206.24 
3-Nov-22, 6,156.11 
4-Nov-22, 6,185.53 
7-Nov-22, 6,295.58 
8-Nov-22, 6,289.10 
9-Nov-22, 6,241.68 
10-Nov-22, 6,167.57 
11-Nov-22, 6,286.77 
14-Nov-22, 6,354.76 
15-Nov-22, 6,418.94 
16-Nov-22, 6,392.09 
17-Nov-22, 6,403.74 
18-Nov-22, 6,437.38 
21-Nov-22, 6,403.24 
22-Nov-22, 6,429.65 
23-Nov-22, 6,510.32 
24-Nov-22, 6,530.51 
25-Nov-22, 6,606.94 
28-Nov-22, 6,681.47 
29-Nov-22, 6,780.78 
1-Dec-22, 6,734.99 
2-Dec-22, 6,489.65 
5-Dec-22, 6,442.13 
6-Dec-22, 6,674.38 
7-Dec-22, 6,525.16 
9-Dec-22, 6,580.12 
12-Dec-22, 6,585.20 
13-Dec-22, 6,582.38 
14-Dec-22, 6,615.07 
15-Dec-22, 6,566.80 
16-Dec-22, 6,496.50 
19-Dec-22, 6,414.27 
20-Dec-22, 6,458.12 
21-Dec-22, 6,520.80 
22-Dec-22, 6,576.94 
23-Dec-22, 6,541.03 
27-Dec-22, 6,564.90 
28-Dec-22, 6,566.54 
29-Dec-22, 6,566.39 
3-Jan-23, 6,586.01 
4-Jan-23, 6,718.50 
5-Jan-23, 6,761.33 
6-Jan-23, 6,667.97 
9-Jan-23, 6,790.24 
10-Jan-23, 6,756.69 
11-Jan-23, 6,709.34 
12-Jan-23, 6,833.53 
13-Jan-23, 6,951.54 
16-Jan-23, 7,045.48 
17-Jan-23, 7,014.04 
18-Jan-23, 7,094.86 
19-Jan-23, 7,062.01 
20-Jan-23, 7,056.62 
23-Jan-23, 7,069.68 
24-Jan-23, 7,041.50 
25-Jan-23, 7,081.36 
26-Jan-23, 7,042.70 
27-Jan-23, 7,052.16 
30-Jan-23, 6,970.97 
31-Jan-23, 6,793.25 
1-Feb-23, 7,035.76 
2-Feb-23, 6,986.19 
3-Feb-23, 7,027.38 
6-Feb-23, 6,936.61 
7-Feb-23, 6,881.26 
8-Feb-23, 6,923.08 
9-Feb-23, 6,842.79 
10-Feb-23, 6,876.79 
13-Feb-23, 6,838.76 
14-Feb-23, 6,791.24 
15-Feb-23, 6,822.09 
16-Feb-23, 6,815.91 
17-Feb-23, 6,779.02 
20-Feb-23, 6,744.12 
21-Feb-23, 6,800.96 
22-Feb-23, 6,699.23 
23-Feb-23, 6,685.90 
27-Feb-23, 6,599.34 
28-Feb-23, 6,556.20 
1-Mar-23, 6,607.13 
2-Mar-23, 6,622.45 
3-Mar-23, 6,655.37 
6-Mar-23, 6,671.12 
7-Mar-23, 6,705.12 
8-Mar-23, 6,711.49 
9-Mar-23, 6,609.27 
10-Mar-23, 6,589.88 
13-Mar-23, 6,544.45 
14-Mar-23, 6,393.33 
15-Mar-23, 6,466.10 
16-Mar-23, 6,404.91 
17-Mar-23, 6,469.72 
20-Mar-23, 6,451.02 
21-Mar-23, 6,530.75 
22-Mar-23, 6,546.27 
23-Mar-23, 6,536.36 
24-Mar-23, 6,602.17 
27-Mar-23, 6,595.03 
28-Mar-23, 6,603.15 
29-Mar-23, 6,630.97 
30-Mar-23, 6,644.75 
31-Mar-23, 6,499.68 
3-Apr-23, 6,529.99 
4-Apr-23, 6,472.04 
5-Apr-23, 6,488.51 
11-Apr-23, 6,479.63 
12-Apr-23, 6,469.42 
13-Apr-23, 6,448.87 
14-Apr-23, 6,481.91 
17-Apr-23, 6,505.62 
18-Apr-23, 6,464.72 
19-Apr-23, 6,446.35 
20-Apr-23, 6,520.44 
24-Apr-23, 6,598.38 
25-Apr-23, 6,593.39 
26-Apr-23, 6,540.24 
27-Apr-23, 6,583.68 
28-Apr-23, 6,625.08 
2-May-23, 6,672.69 
3-May-23, 6,606.69 
4-May-23, 6,684.35 
5-May-23, 6,685.66 
8-May-23, 6,600.74 
9-May-23, 6,622.61 
10-May-23, 6,658.59 
11-May-23, 6,675.46 
12-May-23, 6,578.15 
15-May-23, 6,523.15 
16-May-23, 6,588.90 
17-May-23, 6,635.11 
18-May-23, 6,628.64 
19-May-23, 6,664.55 
22-May-23, 6,620.83 
23-May-23, 6,603.56 
24-May-23, 6,615.95 
25-May-23, 6,560.22 
26-May-23, 6,530.20 
29-May-23, 6,593.16 
30-May-23, 6,510.67 
31-May-23, 6,477.36 
1-Jun-23, 6,430.58 
2-Jun-23, 6,512.01 
5-Jun-23, 6,521.64 
6-Jun-23, 6,479.93 
7-Jun-23, 6,564.70 
8-Jun-23, 6,539.36 
9-Jun-23, 6,507.15 
13-Jun-23, 6,507.26 
14-Jun-23, 6,434.06 
15-Jun-23, 6,461.42 
16-Jun-23, 6,508.34 
19-Jun-23, 6,450.34 
20-Jun-23, 6,448.90 
21-Jun-23, 6,424.21 
22-Jun-23, 6,404.91 
23-Jun-23, 6,393.55 
26-Jun-23, 6,523.09 
27-Jun-23, 6,502.85 
29-Jun-23, 6,511.49 
30-Jun-23, 6,468.07 
3-Jul-23, 6,508.21 
4-Jul-23, 6,514.47 
5-Jul-23, 6,512.39 
6-Jul-23, 6,474.26 
7-Jul-23, 6,379.03 
10-Jul-23, 6,379.72 
11-Jul-23, 6,398.64 
12-Jul-23, 6,466.85 
13-Jul-23, 6,578.49 
14-Jul-23, 6,624.79 
17-Jul-23, 6,550.76 
18-Jul-23, 6,528.80 
19-Jul-23, 6,541.91 
20-Jul-23, 6,613.50 
21-Jul-23, 6,647.56 
24-Jul-23, 6,631.25 
25-Jul-23, 6,661.11 
26-Jul-23, 6,679.13 
27-Jul-23, 6,677.92 
28-Jul-23, 6,625.26 
31-Jul-23, 6,591.47 
1-Aug-23, 6,593.80 
2-Aug-23, 6,483.28 
3-Aug-23, 6,576.76 
4-Aug-23, 6,450.84 
7-Aug-23, 6,507.78 
8-Aug-23, 6,472.97 
9-Aug-23, 6,530.45 
10-Aug-23, 6,449.66 
11-Aug-23, 6,405.91 
14-Aug-23, 6,329.19 
15-Aug-23, 6,335.91 
16-Aug-23, 6,410.09 
17-Aug-23, 6,364.97 
18-Aug-23, 6,290.27 
22-Aug-23, 6,212.39 
23-Aug-23, 6,179.63 
24-Aug-23, 6,225.78 
25-Aug-23, 6,160.61 
29-Aug-23, 6,225.00 
30-Aug-23, 6,295.29 
31-Aug-23, 6,175.25 
1-Sep-23, 6,181.06 
4-Sep-23, 6,214.68 
5-Sep-23, 6,225.00 
6-Sep-23, 6,241.69 
7-Sep-23, 6,183.07 
8-Sep-23, 6,222.94 
11-Sep-23, 6,233.74 
12-Sep-23, 6,230.20 
13-Sep-23, 6,149.18 
14-Sep-23, 6,208.40 
15-Sep-23, 6,126.34 
18-Sep-23, 6,124.57 
19-Sep-23, 6,047.97 
20-Sep-23, 6,041.04 
21-Sep-23, 6,094.71 
22-Sep-23, 6,142.79 
25-Sep-23, 6,172.84 
26-Sep-23, 6,263.94 
27-Sep-23, 6,374.68 
28-Sep-23, 6,385.52 
29-Sep-23, 6,321.24 
2-Oct-23, 6,304.53 
3-Oct-23, 6,305.99 
4-Oct-23, 6,298.20 
5-Oct-23, 6,178.60 
6-Oct-23, 6,259.95 
9-Oct-23, 6,252.16 
10-Oct-23, 6,264.07 
11-Oct-23, 6,253.96 
12-Oct-23, 6,263.06 
13-Oct-23, 6,266.34 
16-Oct-23, 6,198.83 
17-Oct-23, 6,280.90 
18-Oct-23, 6,268.27 
19-Oct-23, 6,219.16 
20-Oct-23, 6,142.90 
23-Oct-23, 6,088.44 
24-Oct-23, 6,039.72 
25-Oct-23, 6,054.50 
26-Oct-23, 6,018.49 
27-Oct-23, 5,961.99 
31-Oct-23, 5,973.78 
3-Nov-23, 5,989.27 
6-Nov-23, 6,078.03 
7-Nov-23, 6,131.32 
8-Nov-23, 6,155.03 
9-Nov-23, 6,188.22 
10-Nov-23, 6,161.89 
13-Nov-23, 6,116.14 
14-Nov-23, 6,110.88 
15-Nov-23, 6,171.13 
16-Nov-23, 6,191.48 
17-Nov-23, 6,211.89 
20-Nov-23, 6,183.63 
21-Nov-23, 6,208.83 
22-Nov-23, 6,253.18 
23-Nov-23, 6,246.20 
24-Nov-23, 6,269.50 
28-Nov-23, 6,309.57 
29-Nov-23, 6,265.14 
30-Nov-23, 6,223.73 
1-Dec-23, 6,245.18 
4-Dec-23, 6,284.37 
5-Dec-23, 6,308.95 
6-Dec-23, 6,305.85 
7-Dec-23, 6,234.77 
11-Dec-23, 6,228.29 
12-Dec-23, 6,292.39 
13-Dec-23, 6,255.74 
14-Dec-23, 6,410.48 
15-Dec-23, 6,478.44 
18-Dec-23, 6,475.50 
19-Dec-23, 6,521.27 
20-Dec-23, 6,520.75 
21-Dec-23, 6,469.23 
22-Dec-23, 6,501.00 
27-Dec-23, 6,462.80 
28-Dec-23, 6,519.11 
29-Dec-23, 6,450.04 
2-Jan-24, 6,554.04 
3-Jan-24, 6,498.88 
4-Jan-24, 6,602.52 
5-Jan-24, 6,629.64 
8-Jan-24, 6,609.22 
9-Jan-24, 6,618.52 
10-Jan-24, 6,546.11 
11-Jan-24, 6,613.73 
12-Jan-24, 6,643.18 
15-Jan-24, 6,680.45 
16-Jan-24, 6,637.00 
17-Jan-24, 6,572.51 
18-Jan-24, 6,510.87 
19-Jan-24, 6,503.54 
22-Jan-24, 6,583.47 
23-Jan-24, 6,621.88 
24-Jan-24, 6,679.96 
25-Jan-24, 6,673.50 
26-Jan-24, 6,686.09 
29-Jan-24, 6,630.68 
30-Jan-24, 6,622.01 
31-Jan-24, 6,646.44 
1-Feb-24, 6,623.01 
2-Feb-24, 6,707.25 
5-Feb-24, 6,728.22 
6-Feb-24, 6,755.26 
7-Feb-24, 6,830.04 
8-Feb-24, 6,850.16 
12-Feb-24, 6,807.82 
13-Feb-24, 6,827.92 
14-Feb-24, 6,854.53 
15-Feb-24, 6,882.15 
16-Feb-24, 6,873.23 
19-Feb-24, 6,798.61 
20-Feb-24, 6,854.66 
21-Feb-24, 6,897.36 
22-Feb-24, 6,903.15 
23-Feb-24, 6,913.21 
26-Feb-24, 6,891.49 
27-Feb-24, 6,860.67 
28-Feb-24, 6,876.52 
29-Feb-24, 6,944.71 
1-Mar-24, 6,919.59 
4-Mar-24, 6,951.67 
5-Mar-24, 6,905.46 
6-Mar-24, 6,878.54 
7-Mar-24, 6,837.34 
8-Mar-24, 6,942.21 
11-Mar-24, 6,872.24 
12-Mar-24, 6,879.59 
13-Mar-24, 6,965.51 
14-Mar-24, 6,967.96 
15-Mar-24, 6,822.32 
18-Mar-24, 6,853.29 
19-Mar-24, 6,848.43 
20-Mar-24, 6,856.77 
21-Mar-24, 6,963.22 
22-Mar-24, 6,881.97 
25-Mar-24, 6,853.10 
26-Mar-24, 6,898.17 
27-Mar-24, 6,903.53 
1-Apr-24, 6,979.81 
2-Apr-24, 6,960.43 
3-Apr-24, 6,863.82 
4-Apr-24, 6,827.06 
5-Apr-24, 6,745.46 
8-Apr-24, 6,741.07 
11-Apr-24, 6,677.65 
12-Apr-24, 6,659.39 
15-Apr-24, 6,562.43 
16-Apr-24, 6,404.97 
17-Apr-24, 6,450.04 
18-Apr-24, 6,523.19 
19-Apr-24, 6,443.00 
22-Apr-24, 6,444.08 
23-Apr-24, 6,506.80 
24-Apr-24, 6,572.75 
25-Apr-24, 6,574.88 
26-Apr-24, 6,628.75 
29-Apr-24, 6,769.64 
30-Apr-24, 6,700.49 
2-May-24, 6,646.55 
3-May-24, 6,615.55 
6-May-24, 6,652.49 
7-May-24, 6,618.58 
8-May-24, 6,659.18 
9-May-24, 6,542.46 
10-May-24, 6,511.93 
13-May-24, 6,604.25 
14-May-24, 6,608.36 
15-May-24, 6,558.63 
16-May-24, 6,628.20 
17-May-24, 6,618.69 
20-May-24, 6,682.78 
21-May-24, 6,633.66 
22-May-24, 6,607.22 
23-May-24, 6,659.99 
24-May-24, 6,619.89 
27-May-24, 6,571.60 
28-May-24, 6,501.34 
29-May-24, 6,411.41 
30-May-24, 6,371.75 
31-May-24, 6,433.10 
3-Jun-24, 6,470.74 
4-Jun-24, 6,386.42 
5-Jun-24, 6,441.32 
6-Jun-24, 6,509.86 
7-Jun-24, 6,518.76 
10-Jun-24, 6,458.64 
11-Jun-24, 6,410.07 
13-Jun-24, 6,390.83 
14-Jun-24, 6,383.70 
18-Jun-24, 6,368.80 
19-Jun-24, 6,366.03 
20-Jun-24, 6,344.56 
21-Jun-24, 6,158.48 
24-Jun-24, 6,272.46 
25-Jun-24, 6,299.05 
26-Jun-24, 6,313.11 
27-Jun-24, 6,390.58 
28-Jun-24, 6,411.91 
1-Jul-24, 6,398.77 
2-Jul-24, 6,358.96 
3-Jul-24, 6,450.03 
4-Jul-24, 6,507.49 
5-Jul-24, 6,492.75 
8-Jul-24, 6,529.43 
9-Jul-24, 6,556.66 
10-Jul-24, 6,489.35 
11-Jul-24, 6,609.24 
12-Jul-24, 6,648.23 
15-Jul-24, 6,689.37 
16-Jul-24, 6,667.09 
17-Jul-24, 6,687.71 
18-Jul-24, 6,705.01 
19-Jul-24, 6,791.69 
22-Jul-24, 6,712.05 
23-Jul-24, 6,753.12 
25-Jul-24, 6,670.27 
26-Jul-24, 6,726.01 
29-Jul-24, 6,649.23 
30-Jul-24, 6,606.36 
31-Jul-24, 6,619.09 
1-Aug-24, 6,693.83 
2-Aug-24, 6,605.30 
5-Aug-24, 6,434.73 
6-Aug-24, 6,433.24 
7-Aug-24, 6,535.17 
8-Aug-24, 6,549.27 
9-Aug-24, 6,647.80 
12-Aug-24, 6,613.36 
13-Aug-24, 6,650.44 
14-Aug-24, 6,704.96 
15-Aug-24, 6,692.91 
16-Aug-24, 6,847.37 
19-Aug-24, 6,889.87 
20-Aug-24, 6,944.76 
21-Aug-24, 6,900.62 
22-Aug-24, 6,961.96 
27-Aug-24, 6,973.41 
28-Aug-24, 6,958.01 
29-Aug-24, 6,891.55 
30-Aug-24, 6,897.54 
2-Sep-24, 6,923.41 
3-Sep-24, 6,882.92 
4-Sep-24, 6,882.12 
5-Sep-24, 6,907.97 
6-Sep-24, 6,936.09 
9-Sep-24, 6,984.25 
10-Sep-24, 6,984.63 
11-Sep-24, 6,944.88 
12-Sep-24, 7,024.67 
13-Sep-24, 7,022.85 
16-Sep-24, 7,104.20 
17-Sep-24, 7,175.36 
18-Sep-24, 7,155.90 
19-Sep-24, 7,202.16 
20-Sep-24, 7,252.32 
23-Sep-24, 7,417.25 
24-Sep-24, 7,432.21 
25-Sep-24, 7,362.62 
26-Sep-24, 7,458.74 
27-Sep-24, 7,428.30 
30-Sep-24, 7,272.65 
1-Oct-24, 7,380.32 
2-Oct-24, 7,402.81 
3-Oct-24, 7,388.92 
4-Oct-24, 7,467.92 
7-Oct-24, 7,554.68 
8-Oct-24, 7,537.25 
9-Oct-24, 7,424.52 
10-Oct-24, 7,411.47 
11-Oct-24, 7,310.32 
14-Oct-24, 7,326.41 
15-Oct-24, 7,456.31 
16-Oct-24, 7,437.00 
17-Oct-24, 7,400.33 
18-Oct-24, 7,415.73 
21-Oct-24, 7,406.63 
22-Oct-24, 7,413.16 
23-Oct-24, 7,367.66 
24-Oct-24, 7,283.79 
25-Oct-24, 7,314.23 
28-Oct-24, 7,343.24 
29-Oct-24, 7,239.98 
30-Oct-24, 7,280.24 
31-Oct-24, 7,142.96 
4-Nov-24, 7,136.10 
5-Nov-24, 7,257.94 
6-Nov-24, 7,165.42 
7-Nov-24, 7,014.44 
8-Nov-24, 6,977.18 
11-Nov-24, 6,940.01 
12-Nov-24, 6,810.11 
13-Nov-24, 6,714.33 
14-Nov-24, 6,557.09 
15-Nov-24, 6,676.65 
18-Nov-24, 6,761.35 
19-Nov-24, 6,803.19 
20-Nov-24, 6,975.63 
21-Nov-24, 6,863.01 
22-Nov-24, 6,780.13 
25-Nov-24, 6,850.00 
26-Nov-24, 6,806.86 
27-Nov-24, 6,702.59 
28-Nov-24, 6,638.54 
29-Nov-24, 6,613.85 
2-Dec-24, 6,742.89 
3-Dec-24, 6,734.21 
4-Dec-24, 6,729.96 
5-Dec-24, 6,690.77 
6-Dec-24, 6,729.14 
9-Dec-24, 6,680.57 
10-Dec-24, 6,724.82 
11-Dec-24, 6,642.71 
12-Dec-24, 6,641.35 
13-Dec-24, 6,616.51 
16-Dec-24, 6,615.16 
17-Dec-24, 6,501.71 
18-Dec-24, 6,469.08 
19-Dec-24, 6,395.60 
20-Dec-24, 6,406.38 
23-Dec-24, 6,534.91 
26-Dec-24, 6,539.02 
27-Dec-24, 6,528.79 
